"<b>Interviewee:</b> NA<br><b>Interviewer:</b> NA","Unavailable"
"<b>Interviewee:</b> Mary Hines<br><b>Interviewer:</b> Annie L. Bowman","The Hines"
"<b>Interviewee:</b> Mary Hines<br><b>Interviewer:</b> Annie L. Bowman","Another version of the above interview"
"<b>Interviewee:</b> Julia Rhodes<br><b>Interviewer:</b> Maude Cain","Julia Rhodes"
"<b>Interviewee:</b> Bertie Turner<br><b>Interviewer:</b> Maude Cain","Bertie Turner"
"<b>Interviewee:</b> W. Leonidas Cockrell<br><b>Interviewer:</b> Luther Clark","Looking Around with a Hay Farmer"
"<b>Interviewee:</b> William Smith<br><b>Interviewer:</b> Victoria Coleman","Soil Pipe Worker"
"<b>Interviewee:</b> Sam Lynn<br><b>Interviewer:</b> Gertha Couric","Sam Lynn, Fisherman and River Rat [Famous for Fish]"
"<b>Interviewee:</b> Aunt Granny Lula Russeau<br><b>Interviewer:</b> Gertha Couric","Mid-Wives are Called Grannies"
"<b>Interviewee:</b> Mrs. Lee Snipes<br><b>Interviewer:</b> Gertha Couric","Three Workers of Cowikee Cotton Mill"
"<b>Interviewee:</b> James C. \"Doc\" Hughes<br><b>Interviewer:</b> Gertha Couric","The Hughes Family"
"<b>Interviewee:</b> Sam Anderson<br><b>Interviewer:</b> Gertha Couric","The Sam Andersons-Cotton Mill Workers"
"<b>Interviewee:</b> Nancy Nolan<br><b>Interviewer:</b> Gertha Couric","Mill Workers"
"<b>Interviewee:</b> Ed West<br><b>Interviewer:</b> Gertha Couric","Ed West-Installment Collector"
"<b>Interviewee:</b> Lucy Thomas<br><b>Interviewer:</b> Gertha Couric","My Time is Mighty Nigh Out"
"<b>Interviewee:</b> Ola Titus<br><b>Interviewer:</b> Gertha Couric","A Day on the Farm"
"<b>Interviewee:</b> Ola Titus<br><b>Interviewer:</b> Gertha Couric","Another version of the above interview"
"<b>Interviewee:</b> Tom Alsobrook<br><b>Interviewer:</b> Gertha Couric","Fifty-Two Years in the Cotton Mill"
"<b>Interviewee:</b> Sharon Cousins<br><b>Interviewer:</b> Francois L. Diard","Sharon Cousins, Knight of the Road"
"<b>Interviewee:</b> Charles Greer<br><b>Interviewer:</b> Noma Dobson","Veteran Newspaper Man"
"<b>Interviewee:</b> Charles Frederick Gerber<br><b>Interviewer:</b> Charles M. Donigan","C. F. Gerber, Farmer"
"<b>Interviewee:</b> Dr. W.H. Evans<br><b>Interviewer:</b> Lawrence F. Evans","Story of a Minister's Family and Life"
"<b>Interviewee:</b> E.J Cain<br><b>Interviewer:</b> Lawrence F. Evans","Master Cain, of the Grover Cleveland, of Bayou la Batre"
"<b>Interviewee:</b> Floyd L. Abernathy<br><b>Interviewer:</b> Lawrence F. Evans","A Small Town Doctor"
"<b>Interviewee:</b> Ed Grace<br><b>Interviewer:</b> Lawrence F. Evans","The Potter"
"<b>Interviewee:</b> Lawrence Nelson<br><b>Interviewer:</b> Lawrence F. Evans","An Oysterman"
"<b>Interviewee:</b> Sam Jackson<br><b>Interviewer:</b> Lawrence F. Evans","Sam, the Turpentine Chopper"
"<b>Interviewee:</b> Arthur Lee Emerson<br><b>Interviewer:</b> Covington Hall","The Andrew Jackson of Southern Labor"
"<b>Interviewee:</b> George Smith<br><b>Interviewer:</b> Covington Hall","Mountain Thinker and Experimenter"
"<b>Interviewee:</b> Dan Smith<br><b>Interviewer:</b> Covington Hall","Mountain Merchant-Farmer"
"<b>Interviewee:</b> Sam Cash<br><b>Interviewer:</b> Covington Hall","Sam Cash, Farmer-Miner"
"<b>Interviewee:</b> John H. Gates<br><b>Interviewer:</b> Woodrow Hand","Johnnie Gates-Truck-Miner"
"<b>Interviewee:</b> Mrs. Gertha Couric<br><b>Interviewer:</b> Woodrow Hand","Gertha Couric-Hotel Hostess-WPA Worker"
"<b>Interviewee:</b> Loyd Wesley Lewis<br><b>Interviewer:</b> Edward F. Harper","Hobbies, Pets, and Children"
"<b>Interviewee:</b> Mr. L. W. Rabbie<br><b>Interviewer:</b> Helen S. Hartley","Shrimping on the Schooner Berney Geneva"
"<b>Interviewee:</b> James McDaniel<br><b>Interviewer:</b> Wilson L. Heflin","I Wouldn't Be a Farmer"
"<b>Interviewee:</b> A.B. Way Jr.<br><b>Interviewer:</b> Wilson L. Heflin","People Call Me a Loan Shark"
"<b>Interviewee:</b> M.B. Truitt<br><b>Interviewer:</b> Preston Klein","The Truitt Family-Tenant Farmers"
"<b>Interviewee:</b> George Carter<br><b>Interviewer:</b> Jack Kytle","A Woman's Like a Dumb Animal"
"<b>Interviewee:</b> Bob Curtis<br><b>Interviewer:</b> Jack Kytle","River Drifter"
"<b>Interviewee:</b> Bob Curtis<br><b>Interviewer:</b> Jack Kytle","River Drifter (another version of the above interview)"
"<b>Interviewee:</b> Orrie Robinson<br><b>Interviewer:</b> Jack Kytle","I'm Allus Hongry"
"<b>Interviewee:</b> Isaac Johnson<br><b>Interviewer:</b> Jack Kytle","Isaac Johnson: Cajan [sic] Turpentiner"
"<b>Interviewee:</b> Jim Lauderdale<br><b>Interviewer:</b> Jack Kytle","Jim Lauderdale: River Wreck"
"<b>Interviewee:</b> Henry Kelly<br><b>Interviewer:</b> Jack Kytle","Dead Man of Coosa River"
"<b>Interviewee:</b> Charley \"Uncle Bud\" Ryland<br><b>Interviewer:</b> Jack Kytle","Uncle Bud Ryland the Coosa Fisherman"
"<b>Interviewee:</b> Neeley \"The Widow\" Williams<br><b>Interviewer:</b> Jack Kytle","River Widow: Portrait of Poverty"
"<b>Interviewee:</b> Orrie Robinson<br><b>Interviewer:</b> Jack Kytle","Pattern of Ignorance"
"<b>Interviewee:</b> Harrison Waters<br><b>Interviewer:</b> Jack Kytle","By the Glory of God"
"<b>Interviewee:</b> Jim Lauderdale<br><b>Interviewer:</b> Jack Kytle","A Dead Convict Don't Cost Nothin'"
"<b>Interviewee:</b> Gayle Posey<br><b>Interviewer:</b> Nettie S. McDonald","The Poseys"
"<b>Interviewee:</b> Mary DeRoy<br><b>Interviewer:</b> Nettie S. McDonald","Mary Worked in the Mines in Belgium"
"<b>Interviewee:</b> Bennie Anderson<br><b>Interviewer:</b> Nettie S. McDonald","I'm Crazy 'bout Rats."
"<b>Interviewee:</b> E.J. Alexander<br><b>Interviewer:</b> Susie R. O'Brien","The Alexanders"
"<b>Interviewee:</b> Lula Wright<br><b>Interviewer:</b> Rhussus L. Perry","A Day with Lula Wright"
"<b>Interviewee:</b> Auguste Mollie<br><b>Interviewer:</b> Ila B. Prine","Story of Auguste Mollie"
"<b>Interviewee:</b> Kosaku Sawada<br><b>Interviewer:</b> Ila B. Prine","Kosaku Sawada, Nurseryman"
"<b>Interviewee:</b> Raymond Barbour<br><b>Interviewer:</b> Ila B. Prine","It Ruins Oysters to Wash Them"
"<b>Interviewee:</b> Lena Cash<br><b>Interviewer:</b> Ila B. Prine","Lena Cash, Octogenarian"
"<b>Interviewee:</b> Mr. \"Bull\" Elliott<br><b>Interviewer:</b> Marie Reese","Holly House"
"<b>Interviewee:</b> Allen Turpin<br><b>Interviewer:</b> Adelaide Rogers","Never No More"
"<b>Interviewee:</b> Ellen R. Blanchard<br><b>Interviewer:</b> Adelaide Rogers","Mrs. Blanchard, Professional Mother"
"<b>Interviewee:</b> Henry Bayamore<br><b>Interviewer:</b> Adelaide Rogers","Gab'ul Chime Dat Harp!"
"<b>Interviewee:</b> Carrie Dykes<br><b>Interviewer:</b> Ruby Pickens Tartt","Carrie Dykes, Midwife"
"<b>Interviewee:</b> Hester \"Hessie\" Frye<br><b>Interviewer:</b> Ruby Pickens Tartt","No Lawd, I Ain't Ready"
"<b>Interviewee:</b> Dr. Archie C. Waldrep<br><b>Interviewer:</b> R. V. Waldrep","I Wanted to Keep a Good Horse"
"<b>Interviewee:</b> Liege Massey<br><b>Interviewer:</b> R. V. Waldrep","Lord Loafer"
"<b>Interviewee:</b> Bony Winchester<br><b>Interviewer:</b> R. V. Waldrep","Bony Winchester"
"<b>Interviewee:</b> Roberta Park<br><b>Interviewer:</b> R. V. Waldrep","It's Hell to Be Popular"
"<b>Interviewee:</b> Pink Petree<br><b>Interviewer:</b> R. V. Waldrep","Pink Petree"
"<b>Interviewee:</b> John F. Davis<br><b>Interviewer:</b> R. V. Waldrep","John F. Davis"
"<b>Interviewee:</b> Luke Warn<br><b>Interviewer:</b> R. V. Waldrep","Luke Warn: He Ain't Talkin"
"<b>Interviewee:</b> Isaac Slaughter<br><b>Interviewer:</b> Jennie Sue Williams","Isaac Slaughter"
"<b>Interviewee:</b> Floyd Abernathy<br><b>Interviewer:</b> Lawrence F. Evans","A Plain Country Doctor"
"<b>Interviewee:</b> Josie Fleming<br><b>Interviewer:</b> NA","Mid-wife and Farmer"
"<b>Interviewee:</b> Hester Frye<br><b>Interviewer:</b> Ruby Pickens Tartt","Hester Frye"
"<b>Interviewee:</b> NA<br><b>Interviewer:</b> Walter Rowland","Ain't Got No Screens"
"<b>Interviewee:</b> NA<br><b>Interviewer:</b> Walter Rowland","A North Little Rock Thief"
"<b>Interviewee:</b> NA<br><b>Interviewer:</b> NA","Honkytonk Hostess"
"<b>Interviewee:</b> Annie Allen<br><b>Interviewer:</b> Elvira Burnell","Anna Alden"
"<b>Interviewee:</b> Bob Franklin<br><b>Interviewer:</b> Barbara B. Darsey","Albert and Anne Denman"
"<b>Interviewee:</b> Cornelia Mitchell<br><b>Interviewer:</b> Barbara B. Darsey","Frank and Ella Merryvale"
"<b>Interviewee:</b> NA<br><b>Interviewer:</b> Barbara B. Darsey","Florida Squatters"
"<b>Interviewee:</b> E.J. Marshall<br><b>Interviewer:</b> Paul Diggs","E. J. and Mattie Marshall, Overseer of Tenants"
"<b>Interviewee:</b> The Riviera Conchs<br><b>Interviewer:</b> Veronica E. Huss","The Riviera Conchs (sectional description)"
"<b>Interviewee:</b> Adelpha Pollato<br><b>Interviewer:</b> Stetson Kennedy","Enrique and Amanda"
"<b>Interviewee:</b> Adelpha Pollato<br><b>Interviewer:</b> Stetson Kennedy","Two versions of the above interview"
"<b>Interviewee:</b> Mayselle Sweat Green<br><b>Interviewer:</b> Lillian Steadman","Another version of the above interview"
"<b>Interviewee:</b> David Smith<br><b>Interviewer:</b> Lillian Steadman","Robert Smith"
"<b>Interviewee:</b> Pedro Barrios<br><b>Interviewer:</b> F. Valdes","Pedro Barrios"
"<b>Interviewee:</b> M. Santos<br><b>Interviewer:</b> F. Valdes","Dr. M. Santos"
"<b>Interviewee:</b> Enrique Pendas<br><b>Interviewer:</b> F. Valdes","Enrique Pendas (same as above)"
"<b>Interviewee:</b> Bob Lapham<br><b>Interviewer:</b> Dorothy Wood","The Miller Family"
"<b>Interviewee:</b> Fermin Souto<br><b>Interviewer:</b> NA","Fermin Souto"
"<b>Interviewee:</b> George Carter<br><b>Interviewer:</b> Morris Adams","Turnips Today, Turnips Tomorrow"
"<b>Interviewee:</b> M.D. Rice<br><b>Interviewer:</b> A.G. Barie","Guess We Had Moving Fever"
"<b>Interviewee:</b> M.D. Rice<br><b>Interviewer:</b> A.G. Barie","Another version of the above interview"
"<b>Interviewee:</b> Ernest Gerber<br><b>Interviewer:</b> A.G. Barie","Another version of the above interview"
"<b>Interviewee:</b> Nell Pentecost<br><b>Interviewer:</b> Bessie Bonner","The Relief Lady"
"<b>Interviewee:</b> Evie Louvenia Robinson<br><b>Interviewer:</b> Leola T. Bradley","Right Livin'"
"<b>Interviewee:</b> Hazel Hoff<br><b>Interviewer:</b> Leola T. Bradley","Reverses"
"<b>Interviewee:</b> Mattie Julia Nichols<br><b>Interviewer:</b> Leola T. Bradley","Julie Nickerson"
"<b>Interviewee:</b> L.L. Jordan<br><b>Interviewer:</b> Leola T. Bradley","A Self Made Man"
"<b>Interviewee:</b> Minnie Davis<br><b>Interviewer:</b> Leola T. Bradley","De Luck is in De Lawd"
"<b>Interviewee:</b> Allan F. Leigh<br><b>Interviewer:</b> George Conway","Captain X"
"<b>Interviewee:</b> Fred Trammell<br><b>Interviewer:</b> Carrie Fowler","The Piano Salesman"
"<b>Interviewee:</b> Nathan Wild<br><b>Interviewer:</b> Freda Ginsberg","Papa"
"<b>Interviewee:</b> Mrs. Jake Bowen<br><b>Interviewer:</b> Ina B. Hawkes","It Wasn't So Easy"
"<b>Interviewee:</b> Fannie Busbin<br><b>Interviewer:</b> Ina B. Hawkes","A Visit to the Country"
"<b>Interviewee:</b> Sarah Frances Fellows<br><b>Interviewer:</b> Sadie B. Hornsby","I've Took in Sewing Fifty Years"
"<b>Interviewee:</b> James Herring<br><b>Interviewer:</b> Sadie B. Hornsby","Life of a Retired Mill Worker"
"<b>Interviewee:</b> Mary Willingham<br><b>Interviewer:</b> Sadie B. Hornsby","I Ain't No Midwife"
"<b>Interviewee:</b> Mary Willingham<br><b>Interviewer:</b> Sadie B. Hornsby","Another version of the above interview"
"<b>Interviewee:</b> Mary Willingham<br><b>Interviewer:</b> Sadie B. Hornsby","A third version of the same interview"
"<b>Interviewee:</b> Odelia Lester Anderson<br><b>Interviewer:</b> Sadie B. Hornsby","I Maids for the Co-Eds"
"<b>Interviewee:</b> Edward J. Bacon<br><b>Interviewer:</b> Sadie B. Hornsby","I Don't Know What's the Matter"
"<b>Interviewee:</b> Mrs. R.W. Welch<br><b>Interviewer:</b> Sadie B. Hornsby","The Wandering Beautician"
"<b>Interviewee:</b> Ann Waldrop<br><b>Interviewer:</b> Sadie B. Hornsby","Life History of Mrs. Ann Waldrop"
"<b>Interviewee:</b> Mrs. George Nash<br><b>Interviewer:</b> Sadie B. Hornsby","A Visit to the Jail"
"<b>Interviewee:</b> Julia Brown<br><b>Interviewer:</b> Geneva Tonsill","I'se Always Had a Hard Time"
"<b>Interviewee:</b> Mrs. Sam E. Whelchel<br><b>Interviewer:</b> Jacques Upshaw","The Family of an Automobile Worker"
"<b>Interviewee:</b> E.J. Tull<br><b>Interviewer:</b> Jacques Upshaw","The Man Who Lives in the House By the Side of the Road"
"<b>Interviewee:</b> Sara Wolfe<br><b>Interviewer:</b> Mary Vining","The Story of Selina W."
"<b>Interviewee:</b> NA<br><b>Interviewer:</b> NA","Deleted"
"<b>Interviewee:</b> Carlmon Hamilton<br><b>Interviewer:</b> NA","Let Me Live!"
"<b>Interviewee:</b> Nannie Hawkins<br><b>Interviewer:</b> NA","Nannie Hawkins"
"<b>Interviewee:</b> NA<br><b>Interviewer:</b> NA","Untitled"
"<b>Interviewee:</b> Mr. Antipodas<br><b>Interviewer:</b> NA","Not a Life Story"
"<b>Interviewee:</b> Granville Brooks<br><b>Interviewer:</b> Hazel Breaux","Settled Down"
"<b>Interviewee:</b> Marguerite Clark<br><b>Interviewer:</b> Robert McKinney","My W.P.A. Man"
"<b>Interviewee:</b> Verlie Hardin<br><b>Interviewer:</b> Claude Dunnagan","Life Story of Mr. and Mrs. Exie Hardin, Tenant Farmers of Yadkin County"
"<b>Interviewee:</b> Delia Underwood<br><b>Interviewer:</b> Claude Dunnagan","A Lot of Punishin'"
"<b>Interviewee:</b> Lula Sizemore<br><b>Interviewer:</b> Claude Dunnagan","Life Story of Lula and Allison Sizemore"
"<b>Interviewee:</b> Frank Hageman<br><b>Interviewer:</b> Claude Dunnagan","The Wandering Magician"
"<b>Interviewee:</b> Mrs. Hardin<br><b>Interviewer:</b> Claude Dunnagan","Mr. and Mrs. Truman Barger, Beachtown, N.C."
"<b>Interviewee:</b> Elsie<br><b>Interviewer:</b> Claude Dunnagan","When Spring Comes"
"<b>Interviewee:</b> Eliza Grant<br><b>Interviewer:</b> Harry Fain","Eliza Grant, Midwife"
"<b>Interviewee:</b> Dave<br><b>Interviewer:</b> Harry Fain","Saturday's Pay Day"
"<b>Interviewee:</b> Robert Gray<br><b>Interviewer:</b> Harry Fain","Hobart Boswell, Editor"
"<b>Interviewee:</b> Kemp P. Hill<br><b>Interviewer:</b> Harry Fain","Horse Trader"
"<b>Interviewee:</b> Bonnie Baste<br><b>Interviewer:</b> Harry Fain","Bonnie, the Hairdresser"
"<b>Interviewee:</b> Mr. Galloway<br><b>Interviewer:</b> Harry Fain","A Day with the Galloways"
"<b>Interviewee:</b> Thomas Mason Forrest<br><b>Interviewer:</b> William O. Forster","Thomas Mason Forrest"
"<b>Interviewee:</b> Ellis Stone<br><b>Interviewer:</b> William O. Forster","Ellis Stone"
"<b>Interviewee:</b> Jim Long<br><b>Interviewer:</b> William O. Forster","Jim Long"
"<b>Interviewee:</b> Joe Beck<br><b>Interviewer:</b> William O. Forster","Joe Beck"
"<b>Interviewee:</b> John Elliot<br><b>Interviewer:</b> William O. Forster","John Elliott"
"<b>Interviewee:</b> Mrs. Brown<br><b>Interviewer:</b> William O. Forster","Sycamore Hill"
"<b>Interviewee:</b> Willie Roberts<br><b>Interviewer:</b> William O. Forster","Willie Roberts, A Negro Laborer-Mechanic"
"<b>Interviewee:</b> Amos Mitchell<br><b>Interviewer:</b> William O. Forster","Amos Mitchell"
"<b>Interviewee:</b> James Terril<br><b>Interviewer:</b> William O. Forster","James Terrill, Man of All Work"
"<b>Interviewee:</b> John Shaw<br><b>Interviewer:</b> William O. Forster","John Shaw"
"<b>Interviewee:</b> Mrs. John Yates<br><b>Interviewer:</b> William O. Forster","Mrs. John Cates"
"<b>Interviewee:</b> Tom Heast<br><b>Interviewer:</b> William O. Forster","Tom Hearst"
"<b>Interviewee:</b> John Gauss<br><b>Interviewer:</b> William O. Forster","John Gauss"
"<b>Interviewee:</b> Dave Stephens<br><b>Interviewer:</b> William O. Forster","David Stephens, Colored Tenant"
"<b>Interviewee:</b> Watkins Abernathy<br><b>Interviewer:</b> William O. Forster","Watkins Abernathy"
"<b>Interviewee:</b> John Autrey<br><b>Interviewer:</b> William O. Forster","John and Sarah Autrey"
"<b>Interviewee:</b> Sallie Johnson<br><b>Interviewer:</b> William O. Forster","Sallie Johnson"
"<b>Interviewee:</b> Dick Striker<br><b>Interviewer:</b> William O. Forster","Dick Striker, Farm Laborer"
"<b>Interviewee:</b> William Saunders<br><b>Interviewer:</b> Anonymous","I Am A Country Editor"
"<b>Interviewee:</b> Mary Allen<br><b>Interviewer:</b> William O. Forster","Mary Allen"
"<b>Interviewee:</b> Hubert Smith<br><b>Interviewer:</b> William O. Forster","Hubert Smith"
"<b>Interviewee:</b> Benjamin Franklin Cates<br><b>Interviewer:</b> William O. Forster","B. F. Cates"
"<b>Interviewee:</b> Henry Howard<br><b>Interviewer:</b> William O. Forster","Henry Howard"
"<b>Interviewee:</b> Margaret O'neal<br><b>Interviewer:</b> William O. Forster","Ed and Margaret O'Neal"
"<b>Interviewee:</b> Ed Jones<br><b>Interviewer:</b> William O. Forster","Ed Jones, A Farmer Who Tries a Comeback"
"<b>Interviewee:</b> Virgil Johnson<br><b>Interviewer:</b> William O. Forster","Virgil Johnson, An Old School Colored Farmer"
"<b>Interviewee:</b> Jim Jeffrey<br><b>Interviewer:</b> William O. Forster","Jim Jeffrey"
"<b>Interviewee:</b> Parrish Lassiter<br><b>Interviewer:</b> William O. Forster","Parish and Judith Lassiter"
"<b>Interviewee:</b> Cisco Mayse<br><b>Interviewer:</b> William O. Forster","Cisco Mayse"
"<b>Interviewee:</b> Catherine Jones<br><b>Interviewer:</b> William O. Forster","Catherine and Will Jones"
"<b>Interviewee:</b> Saunders Johnson<br><b>Interviewer:</b> William O. Forster","Saunders Johnson"
"<b>Interviewee:</b> Mary Miller<br><b>Interviewer:</b> William O. Forster","Mary Miller"
"<b>Interviewee:</b> Mary Barbee<br><b>Interviewer:</b> William O. Forster","The Bill Barbees"
"<b>Interviewee:</b> Jim Parker<br><b>Interviewer:</b> Bernice Kelly Harris","Jim Parker Hopes Ahead"
"<b>Interviewee:</b> May Jordan<br><b>Interviewer:</b> Bernice Kelly Harris","The Algie Jordans"
"<b>Interviewee:</b> Peter Jordan<br><b>Interviewer:</b> Bernice Kelly Harris","Cloud By Day"
"<b>Interviewee:</b> Roland Maddrey<br><b>Interviewer:</b> Bernice Kelly Harris","Sharecropping's the Best"
"<b>Interviewee:</b> Rosa Irving<br><b>Interviewer:</b> Bernice Kelly Harris","Rosa Irving"
"<b>Interviewee:</b> NA<br><b>Interviewer:</b> Bernice Kelly Harris","One Jump Ahead Every Time"
"<b>Interviewee:</b> Iliad<br><b>Interviewer:</b> Bernice Kelly Harris","Circle Number III Meets"
"<b>Interviewee:</b> NA<br><b>Interviewer:</b> Bernice Kelly Harris","A Southern Gentleman"
"<b>Interviewee:</b> A. K. Harris<br><b>Interviewer:</b> Bernice Kelly Harris","A. K. Harris, Undertaker"
"<b>Interviewee:</b> Molly Hunt<br><b>Interviewer:</b> Bernice Kelly Harris","Molly Harding, Negro"
"<b>Interviewee:</b> Mariah Barnes<br><b>Interviewer:</b> Bernice Kelly Harris","Mariah and Berle Barnes, Ex-Slaves"
"<b>Interviewee:</b> Minnie Moody<br><b>Interviewer:</b> Bernice Kelly Harris","Minnie Moody, Negro Farmer"
"<b>Interviewee:</b> Lucy James Raily Britt<br><b>Interviewer:</b> Bernice Kelly Harris","Will There Be Any Stars"
"<b>Interviewee:</b> NA<br><b>Interviewer:</b> Bernice Kelly Harris","To This End"
"<b>Interviewee:</b> Lettice Joyner<br><b>Interviewer:</b> Bernice Kelly Harris","No Stick-Leg"
"<b>Interviewee:</b> Lucy Ivory<br><b>Interviewer:</b> Bernice Kelly Harris","Sisters in the Lord"
"<b>Interviewee:</b> Joe Fielding<br><b>Interviewer:</b> Bernice Kelly Harris","Joe Fielding"
"<b>Interviewee:</b> Lewis Little<br><b>Interviewer:</b> Bernice Kelly Harris","Lewis Little: Sharecropper"
"<b>Interviewee:</b> Richard Lloyd<br><b>Interviewer:</b> Bernice Kelly Harris","Richard Lloyd, Minister"
"<b>Interviewee:</b> John Wesley Parker<br><b>Interviewer:</b> Bernice Kelly Harris","John Wesley Parker MD"
"<b>Interviewee:</b> NA<br><b>Interviewer:</b> Bernice Kelly Harris","I Am Sick O'Farming"
"<b>Interviewee:</b> NA<br><b>Interviewer:</b> Bernice Kelly Harris","Hart Thomas, Negro Farmer"
"<b>Interviewee:</b> Hattie Dugger<br><b>Interviewer:</b> Bernice Kelly Harris","The Hattie Duggers, Negroes"
"<b>Interviewee:</b> Charlie Hart<br><b>Interviewer:</b> Bernice Kelly Harris","You Can't Take The Country Out of A Man"
"<b>Interviewee:</b> Josie Taylor Lee<br><b>Interviewer:</b> Bernice Kelly Harris","The Lees"
"<b>Interviewee:</b> Molly Jordan<br><b>Interviewer:</b> Bernice Kelly Harris","Molly Jordan: Mulatto Farm Woman"
"<b>Interviewee:</b> Aaron Montgomery<br><b>Interviewer:</b> Bernice Kelly Harris","Aaron and Mary Montgomery, Negroes"
"<b>Interviewee:</b> Fanny Wiggins<br><b>Interviewer:</b> Bernice Kelly Harris","The 'Portugese,' Fannie Wiggins"
"<b>Interviewee:</b> Paul Parks<br><b>Interviewer:</b> Bernice Kelly Harris","I've Kept Rentin'"
"<b>Interviewee:</b> Christine Poole<br><b>Interviewer:</b> Bernice Kelly Harris","Christine Poole Speaking"
"<b>Interviewee:</b> Bob Draper<br><b>Interviewer:</b> Bernice Kelly Harris","The Drapers, White Sharecroppers"
"<b>Interviewee:</b> W.A. Suiter<br><b>Interviewer:</b> Bernice Kelly Harris","W.A. Suiter, Part-Time Employee"
"<b>Interviewee:</b> Rosa Green<br><b>Interviewer:</b> Bernice Kelly Harris","Rosa Faison, Negro"
"<b>Interviewee:</b> Fanny Maddrey<br><b>Interviewer:</b> Bernice Kelly Harris","Fanny Bowers maddrey and Her Husband"
"<b>Interviewee:</b> Pattie Debrow<br><b>Interviewer:</b> Bernice Kelly Harris","I'd Like to Have a Coca Cola"
"<b>Interviewee:</b> Ernest Flythe<br><b>Interviewer:</b> Bernice Kelly Harris","I've Had Good Landlords"
"<b>Interviewee:</b> Mrs. Peter Jordan<br><b>Interviewer:</b> Bernice Kelly Harris","The Clipping Goes to Mrs. Jordan"
"<b>Interviewee:</b> Mrs. Hargraves<br><b>Interviewer:</b> Bernice Kelly Harris","If It Want for the Sewin' Room"
"<b>Interviewee:</b> Fannie Wiggins<br><b>Interviewer:</b> Bernice Kelly Harris","The 'Portugese': Fannie Wiggins"
"<b>Interviewee:</b> Walter C. Smith<br><b>Interviewer:</b> Bernice Kelly Harris","Roger T. Stevenson, Justice of the Peace"
"<b>Interviewee:</b> Eric Norfleet<br><b>Interviewer:</b> Bernice Kelly Harris","Eric Norfleet, Judge of Recorder's Court"
"<b>Interviewee:</b> Jennie Wheeler<br><b>Interviewer:</b> Bernice Kelly Harris","Mrs. Jenny Wheeler, Widow"
"<b>Interviewee:</b> Eddie Davis<br><b>Interviewer:</b> Bernice Kelly Harris","I'm Mighty Lucky"
"<b>Interviewee:</b> Mrs. Harry Allan<br><b>Interviewer:</b> Bernice Kelly Harris","Hard Luck Harry"
"<b>Interviewee:</b> Ada Draper<br><b>Interviewer:</b> Bernice Kelly Harris","The Drapers 'Set' Till Bed Time"
"<b>Interviewee:</b> Amos Long<br><b>Interviewer:</b> Bernice Kelly Harris","Amos Long, Ex-Slave"
"<b>Interviewee:</b> Nellie<br><b>Interviewer:</b> Bernice Kelly Harris","I's Laughed Some"
"<b>Interviewee:</b> Mr. Grizzard<br><b>Interviewer:</b> Bernice Kelly Harris","The Grizzards"
"<b>Interviewee:</b> Mack Faison<br><b>Interviewer:</b> Bernice Kelly Harris","The Mack Faisons"
"<b>Interviewee:</b> Henry Goode<br><b>Interviewer:</b> Bernice Kelly Harris","Preacher Goode, Negro"
"<b>Interviewee:</b> Willie McLong<br><b>Interviewer:</b> Bernice Kelly Harris","The Willie McLongs"
"<b>Interviewee:</b> Tank Valentine Daughtry<br><b>Interviewer:</b> Bernice Kelly Harris","Tank Valentine Daughtry"
"<b>Interviewee:</b> Alice Kee<br><b>Interviewer:</b> Bernice Kelly Harris","No Scrap Pile Yet"
"<b>Interviewee:</b> Nelly Hargraves<br><b>Interviewer:</b> Bernice Kelly Harris","Nelly Hargraves"
"<b>Interviewee:</b> Z.L. Davenport<br><b>Interviewer:</b> Bernice Kelly Harris","Precinct Chairman"
"<b>Interviewee:</b> Eddie Massey<br><b>Interviewer:</b> Bernice Kelly Harris","Just a Plain Two-Horse Farm"
"<b>Interviewee:</b> Millard<br><b>Interviewer:</b> Bernice Kelly Harris","The Landlord Has His Troubles"
"<b>Interviewee:</b> Ethel Vassar<br><b>Interviewer:</b> Bernice Kelly Harris","Ethel Vassar, Cook"
"<b>Interviewee:</b> Boone family (various members)<br><b>Interviewer:</b> Bernice Kelly Harris","The Boones"
"<b>Interviewee:</b> Rosa Warrick<br><b>Interviewer:</b> Bernice Kelly Harris","Rosa Warrick, Farmer"
"<b>Interviewee:</b> Henry Calhoun Weathers<br><b>Interviewer:</b> Bernice Kelly Harris","Henry Calhoun Weathers, Landlord"
"<b>Interviewee:</b> Ethel Whitehead<br><b>Interviewer:</b> Bernice Kelly Harris","The Ethel Whiteheads"
"<b>Interviewee:</b> Richard Branch<br><b>Interviewer:</b> Bernice Kelly Harris","I Ain't Lost Heart"
"<b>Interviewee:</b> Aunt Sue Hodges<br><b>Interviewer:</b> Bernice Kelly Harris","The Misses Hodges"
"<b>Interviewee:</b> John Bass<br><b>Interviewer:</b> Bernice Kelly Harris","The John Basses"
"<b>Interviewee:</b> Helen Bass<br><b>Interviewer:</b> Bernice Kelly Harris","The B. D. Bass Household"
"<b>Interviewee:</b> Jackson Bullitt<br><b>Interviewer:</b> Bernice Kelly Harris","Jackson Bullitt, A Small Landlord"
"<b>Interviewee:</b> R. W. Edwards<br><b>Interviewer:</b> Bernice Kelly Harris","Forty-Six Years A Merchant"
"<b>Interviewee:</b> Harris<br><b>Interviewer:</b> Bernice Kelly Harris","A Sharecropper's Saturday Night"
"<b>Interviewee:</b> Howell<br><b>Interviewer:</b> Bernice Kelly Harris","Red Steer's A Great Career"
"<b>Interviewee:</b> Grover C. White<br><b>Interviewer:</b> Bernice Kelly Harris","A Crossroads Store"
"<b>Interviewee:</b> NA<br><b>Interviewer:</b> Bernice Kelly Harris","Saturday Afternoon Street Scene"
"<b>Interviewee:</b> NA<br><b>Interviewer:</b> Bernice Kelly Harris","The Miller and the Fourth"
"<b>Interviewee:</b> C. Herman Trueblood<br><b>Interviewer:</b> Bernice Kelly Harris","Rev. C. Herman Trueblood"
"<b>Interviewee:</b> Ruth Vic Everett<br><b>Interviewer:</b> Bernice Kelly Harris","Ruth Vick Everett Speaking"
"<b>Interviewee:</b> John Pebbles<br><b>Interviewer:</b> Bernice Kelly Harris","I Can't Sing Like I Used To"
"<b>Interviewee:</b> Pat<br><b>Interviewer:</b> Bernice Kelly Harris","Not To Be Trampled On"
"<b>Interviewee:</b> Bertie Comer<br><b>Interviewer:</b> Bernice Kelly Harris","Sharecropping's All Right"
"<b>Interviewee:</b> William Thomas<br><b>Interviewer:</b> Willis S. Harrison","Red Thomas Sawmill Worker"
"<b>Interviewee:</b> J.B. Fearing<br><b>Interviewer:</b> Willis S. Harrison","Marsh Taylor, Landlord"
"<b>Interviewee:</b> Tom Pugh<br><b>Interviewer:</b> Willis S. Harrison","Tom Pugh, Tenant Farmer"
"<b>Interviewee:</b> William Carter<br><b>Interviewer:</b> Willis S. Harrison","William Carter, Negro Merchant and Farmer"
"<b>Interviewee:</b> Arthur Roberson<br><b>Interviewer:</b> Willis S. Harrison","Arthur Roberson of Doodle Hill"
"<b>Interviewee:</b> Ann Williamson<br><b>Interviewer:</b> Frances L. Harriss","Another version of the above interview"
"<b>Interviewee:</b> Martha Turner<br><b>Interviewer:</b> Frances L. Harriss","Martha Turner, The Halfbreed"
"<b>Interviewee:</b> John Soloman Hales<br><b>Interviewer:</b> Lucille Edwards","A Family of Dry Dock"
"<b>Interviewee:</b> Warren Edwards<br><b>Interviewer:</b> Lucille Edwards","Granny of Elvidor"
"<b>Interviewee:</b> Doc Mormon<br><b>Interviewer:</b> Henry D. Hatch","Red Cap"
"<b>Interviewee:</b> Camilius Lanier<br><b>Interviewer:</b> William E. Hennessee","The Doctor"
"<b>Interviewee:</b> Robert Lee Wright<br><b>Interviewer:</b> William E. Hennessee","Counselor at Law"
"<b>Interviewee:</b> Judge T.G. Farr<br><b>Interviewer:</b> William E. Hennessee","A Day in Court"
"<b>Interviewee:</b> Ernest Foster<br><b>Interviewer:</b> Mary A. Hicks","Crazed by Fear"
"<b>Interviewee:</b> William Bagell<br><b>Interviewer:</b> Mary A. Hicks","If I Had More Education"
"<b>Interviewee:</b> Valentine Hunter<br><b>Interviewer:</b> Mary A. Hicks","The Hunter Family"
"<b>Interviewee:</b> Mabry Shaw<br><b>Interviewer:</b> Mary A. Hicks","War-Minded"
"<b>Interviewee:</b> Norman Blake<br><b>Interviewer:</b> Mary A. Hicks","The Head of the Family"
"<b>Interviewee:</b> N.E. Ward<br><b>Interviewer:</b> Mary A. Hicks","Just a Mormon at Heart"
"<b>Interviewee:</b> Mary Whitley<br><b>Interviewer:</b> Mary A. Hicks","A Full Life's Best"
"<b>Interviewee:</b> Barney J. Medlin<br><b>Interviewer:</b> Mary A. Hicks","Air Castles of Young Love"
"<b>Interviewee:</b> Vernon Moore<br><b>Interviewer:</b> Mary A. Hicks","The New Generation"
"<b>Interviewee:</b> Lonnie Williams<br><b>Interviewer:</b> Mary A. Hicks","The Artis Simpson Family"
"<b>Interviewee:</b> Eva Truelove<br><b>Interviewer:</b> Mary A. Hicks","A Waitress"
"<b>Interviewee:</b> Mrs. Jas. Highsmith<br><b>Interviewer:</b> Mary A. Hicks","Everything's Intended"
"<b>Interviewee:</b> Peter Bowers<br><b>Interviewer:</b> Mary A. Hicks","Self-Denial"
"<b>Interviewee:</b> Leroy Hicks<br><b>Interviewer:</b> Mary A. Hicks","A Rough Route"
"<b>Interviewee:</b> Mattie Medlin<br><b>Interviewer:</b> Mary A. Hicks","Another version of the above interview."
"<b>Interviewee:</b> Ida Maynard<br><b>Interviewer:</b> Mary A. Hicks","Righteous and Ready to Go"
"<b>Interviewee:</b> Valley Perry<br><b>Interviewer:</b> Mary A. Hicks","The Story of a Washwoman"
"<b>Interviewee:</b> Lila Fleming<br><b>Interviewer:</b> Mary A. Hicks","My Mistakes"
"<b>Interviewee:</b> William J. Own<br><b>Interviewer:</b> Mary A. Hicks","The Owens Family"
"<b>Interviewee:</b> E.L. Thomas<br><b>Interviewer:</b> Mary A. Hicks","The It Man"
"<b>Interviewee:</b> Charlie Michtell<br><b>Interviewer:</b> Mary A. Hicks","He Knows It Doesn't Pay"
"<b>Interviewee:</b> Richard Medlin<br><b>Interviewer:</b> Mary A. Hicks","The Medlin Family"
"<b>Interviewee:</b> Ed Rowland<br><b>Interviewer:</b> Mary A. Hicks","Facing a Tough Future"
"<b>Interviewee:</b> William R. Hobby<br><b>Interviewer:</b> Mary A. Hicks","From Farmer to Merchant"
"<b>Interviewee:</b> Wiley Rogers<br><b>Interviewer:</b> Mary A. Hicks","Bread Alone"
"<b>Interviewee:</b> Dora Hardy<br><b>Interviewer:</b> Mary A. Hicks","Don't You Envy Me?"
"<b>Interviewee:</b> Zebulon Hawkins Hamilton<br><b>Interviewer:</b> Mary A. Hicks","The Hamilton Family"
"<b>Interviewee:</b> William Batts<br><b>Interviewer:</b> Mary A. Hicks","The Stake of Life"
"<b>Interviewee:</b> Carey Stultz<br><b>Interviewer:</b> Mary A. Hicks","The Stultz Family"
"<b>Interviewee:</b> Mrs. William House<br><b>Interviewer:</b> Mary A. Hicks","The House Family"
"<b>Interviewee:</b> Henry Garner<br><b>Interviewer:</b> Mary A. Hicks","The Boss of the Rolling Squad"
"<b>Interviewee:</b> Frances Jackson<br><b>Interviewer:</b> Mary A. Hicks","Backer Barning"
"<b>Interviewee:</b> Martha Hinton<br><b>Interviewer:</b> Travis Jordan","Martha Hinton, A Good Woman"
"<b>Interviewee:</b> Hazel Wicker<br><b>Interviewer:</b> Travis Jordan","Hazel Wicker"
"<b>Interviewee:</b> NA<br><b>Interviewer:</b> Travis Jordan","John Lincoln"
"<b>Interviewee:</b> Susan Taylor<br><b>Interviewer:</b> Travis Jordan","Bud Taylor, Tenant Farmer"
"<b>Interviewee:</b> Frank Goldie Moore<br><b>Interviewer:</b> Robert O. King","Frank Goldie Moore"
"<b>Interviewee:</b> Lettie Mason<br><b>Interviewer:</b> Robert O. King","Miss Lettie Mason"
"<b>Interviewee:</b> Lawrence M. Waring<br><b>Interviewer:</b> Robert O. King","Lawrence M. Waring"
"<b>Interviewee:</b> Moses Thompson<br><b>Interviewer:</b> Robert O. King","Moses Thompson"
"<b>Interviewee:</b> Roy Woods<br><b>Interviewer:</b> Robert O. King","Roy Woods and Family"
"<b>Interviewee:</b> Guy L. Bunch<br><b>Interviewer:</b> Robert O. King","Guy L. Bunch"
"<b>Interviewee:</b> William Peterson<br><b>Interviewer:</b> Robert O. King","William Peterson and Family"
"<b>Interviewee:</b> Ruth Jordan Williamson<br><b>Interviewer:</b> Robert O. King","Mrs. Ruth Jordan Williamson"
"<b>Interviewee:</b> James Wyentotte Smith<br><b>Interviewer:</b> Robert O. King","Reverend James Wynetorte Smith"
"<b>Interviewee:</b> Della McCullers<br><b>Interviewer:</b> Robert O. King","Aunt Della McCullers' Boarding House"
"<b>Interviewee:</b> Wm. F. Harding<br><b>Interviewer:</b> A. W. Long","Judge Sidney Saylor"
"<b>Interviewee:</b> Spencer Mull<br><b>Interviewer:</b> A. W. Long","Jack Gallup: Meat Clerk"
"<b>Interviewee:</b> Samuel P. Verner<br><b>Interviewer:</b> A. W. Long","Schoolmaster and Explorer"
"<b>Interviewee:</b> Ossie Bailey<br><b>Interviewer:</b> A. W. Long","Janitor and Odd Job Man"
"<b>Interviewee:</b> Mrs. Earl Marshall<br><b>Interviewer:</b> Luline L. Mabry","Mrs. Foster Ricks"
"<b>Interviewee:</b> Josephine Johnson<br><b>Interviewer:</b> Luline L. Mabry","Washin' Foh White Fo'ks"
"<b>Interviewee:</b> Mrs. Fred Satterfield<br><b>Interviewer:</b> Luline L. Mabry","The Satterfields"
"<b>Interviewee:</b> Raymond Pace<br><b>Interviewer:</b> Luline L. Mabry","Bees in Her Bonnet"
"<b>Interviewee:</b> Mrs. Ross<br><b>Interviewer:</b> Luline L. Mabry","The Rosses"
"<b>Interviewee:</b> L. C. Pearson<br><b>Interviewer:</b> Luline L. Mabry","Laughing at Poverty"
"<b>Interviewee:</b> Alberta Grisham<br><b>Interviewer:</b> Luline L. Mabry","Stella Dean: Waitress"
"<b>Interviewee:</b> Robert Matthews<br><b>Interviewer:</b> T. Pat Matthews","From Farm Tenant to Plumber"
"<b>Interviewee:</b> Noah Abraham Peterson<br><b>Interviewer:</b> T. Pat Matthews","I Was Born That Way"
"<b>Interviewee:</b> Matthew Luke Matthews<br><b>Interviewer:</b> T. Pat Matthews","We Make Plenty"
"<b>Interviewee:</b> Sarah Parrish<br><b>Interviewer:</b> T. Pat Matthews","Rooming House"
"<b>Interviewee:</b> Fred Gooch<br><b>Interviewer:</b> T. Pat Matthews","A Life of Toil"
"<b>Interviewee:</b> Mrs. Sarah Strickland Faison<br><b>Interviewer:</b> T. Pat Matthews","In A Tight Place"
"<b>Interviewee:</b> Zebedee Matthews<br><b>Interviewer:</b> T. Pat Matthews","Bryan Outlaw"
"<b>Interviewee:</b> Mrs. Patricia Ozelle Wood<br><b>Interviewer:</b> T. Pat Matthews","The Wood Family"
"<b>Interviewee:</b> Walter Ingram Butts<br><b>Interviewer:</b> T. Pat Matthews","John Sylvester Hinson"
"<b>Interviewee:</b> Aaron Jackson<br><b>Interviewer:</b> Frank H. McDonald","Georgia Negro"
"<b>Interviewee:</b> Pinie Stewart<br><b>Interviewer:</b> Frank H. McDonald","Pinie and George"
"<b>Interviewee:</b> Charles Humphrey<br><b>Interviewer:</b> Henry McKee","Afraid to Belong to a Union"
"<b>Interviewee:</b> Joe Ruff<br><b>Interviewer:</b> Adyleen G. Merrick","The Ruffs"
"<b>Interviewee:</b> Mary Green<br><b>Interviewer:</b> Adyleen G. Merrick","Untitled"
"<b>Interviewee:</b> Jim McDowell<br><b>Interviewer:</b> Adyleen G. Merrick","Blue Di'monds"
"<b>Interviewee:</b> Jim McDowell<br><b>Interviewer:</b> Adyleen G. Merrick","Another version of the above interview."
"<b>Interviewee:</b> Ollie Foster Green<br><b>Interviewer:</b> Adyleen G. Merrick","Husbands Are a Lot of Trouble"
"<b>Interviewee:</b> James Samuel Early<br><b>Interviewer:</b> Adyleen G. Merrick","Untitled"
"<b>Interviewee:</b> James Samuel Early<br><b>Interviewer:</b> Adyleen G. Merrick","Another version of the above interview."
"<b>Interviewee:</b> Mary Stanton Jones<br><b>Interviewer:</b> Adyleen G. Merrick","Waitin' For Night to Come"
"<b>Interviewee:</b> Addie Gaines<br><b>Interviewer:</b> Adyleen G. Merrick","Women Have to Keep Strivin'"
"<b>Interviewee:</b> Frank Nesbeth<br><b>Interviewer:</b> Adyleen G. Merrick","Untitled"
"<b>Interviewee:</b> John Ralph Moore<br><b>Interviewer:</b> Adyleen G. Merrick","Untitled"
"<b>Interviewee:</b> John Ellis Mills<br><b>Interviewer:</b> Adyleen G. Merrick","Washin's Fool Work For a Man"
"<b>Interviewee:</b> Elizabeth Rhodes<br><b>Interviewer:</b> Adyleen G. Merrick","Elizabeth Rhodes"
"<b>Interviewee:</b> Elizabeth Johnson Rhodes<br><b>Interviewer:</b> Adyleen G. Merrick","Another version of the above interview."
"<b>Interviewee:</b> Norman Julian Collins<br><b>Interviewer:</b> Adyleen G. Merrick","Youth Cries Out"
"<b>Interviewee:</b> Noble Hannon<br><b>Interviewer:</b> Adyleen G. Merrick","Untitled"
"<b>Interviewee:</b> Melida Grumble<br><b>Interviewer:</b> Adyleen G. Merrick","Untitled"
"<b>Interviewee:</b> James Walker Heatherly<br><b>Interviewer:</b> Adyleen G. Merrick","James Walker Heatherly"
"<b>Interviewee:</b> Selema Mills<br><b>Interviewer:</b> Adyleen G. Merrick","Flowers Sweeten the Road"
"<b>Interviewee:</b> Thomas Sizemore<br><b>Interviewer:</b> Adyleen G. Merrick","Street-Sweeper and Tonic Maker"
"<b>Interviewee:</b> Mary Bloomberg<br><b>Interviewer:</b> Harold H. Miller","They Are Still Coming"
"<b>Interviewee:</b> Almeda Brady<br><b>Interviewer:</b> Ida L. Moore","Almeda Brady"
"<b>Interviewee:</b> NA<br><b>Interviewer:</b> Ida L. Moore","Description of Mill Village"
"<b>Interviewee:</b> NA<br><b>Interviewer:</b> Ida L. Moore","Description of a Mill Village (Royal Cotton Mill)"
"<b>Interviewee:</b> Sally Dunne<br><b>Interviewer:</b> Ida L. Moore","The Dunnes (The Sanders)"
"<b>Interviewee:</b> Carrie Scott<br><b>Interviewer:</b> Ida L. Moore","The Artificial Leg"
"<b>Interviewee:</b> The Haithcocks<br><b>Interviewer:</b> Ida L. Moore","The Haithcocks (The Hathaways)"
"<b>Interviewee:</b> John Pierce<br><b>Interviewer:</b> Ida L. Moore","John Pierce"
"<b>Interviewee:</b> Molly Godwin<br><b>Interviewer:</b> Ida L. Moore","Good Name for Feedin'"
"<b>Interviewee:</b> Anonymous border<br><b>Interviewer:</b> Ida L. Moore","A Boy at the Conley Boarding House"
"<b>Interviewee:</b> Rachel Lester<br><b>Interviewer:</b> Ida L. Moore","One Afternoon in November"
"<b>Interviewee:</b> NA<br><b>Interviewer:</b> Ida L. Moore","A Day on Factory Hill"
"<b>Interviewee:</b> Ellie Westbrooks<br><b>Interviewer:</b> Ida L. Moore","One Family in the Stream of Time"
"<b>Interviewee:</b> Mamie Wilson<br><b>Interviewer:</b> Ida L. Moore","The Wilsons"
"<b>Interviewee:</b> Clarence Byrd<br><b>Interviewer:</b> Ida L. Moore","Clarence Byrd"
"<b>Interviewee:</b> James Evans<br><b>Interviewer:</b> Ida L. Moore","When A Man Believes"
"<b>Interviewee:</b> Hester<br><b>Interviewer:</b> Ida L. Moore","Hester"
"<b>Interviewee:</b> Rena Austin<br><b>Interviewer:</b> Ida L. Moore","Untitled"
"<b>Interviewee:</b> Molly Connley<br><b>Interviewer:</b> Ida L. Moore","There's Always A Judas"
"<b>Interviewee:</b> NA<br><b>Interviewer:</b> Ida L. Moore","Description of Mill Village (West Durham Cotton Mill)"
"<b>Interviewee:</b> Frank Martin<br><b>Interviewer:</b> Ida L. Moore","Old Man Dobbin and His Crowd"
"<b>Interviewee:</b> Horatio S. Seymour<br><b>Interviewer:</b> Frank L. Overton","Hold, Hell! I've Got to Have the Money Now."
"<b>Interviewee:</b> Leila Waye<br><b>Interviewer:</b> Katherine Palmer","Lily Wade"
"<b>Interviewee:</b> Clyde Thompson<br><b>Interviewer:</b> Leonard Rapport","Clyde Thompson, Millworker"
"<b>Interviewee:</b> John L. Walters<br><b>Interviewer:</b> Leonard Rapport","John L. Walters, Tattoo Artist"
"<b>Interviewee:</b> John Messick<br><b>Interviewer:</b> Leonard Rapport","John Messick, Peanut Man"
"<b>Interviewee:</b> Philip Cohen<br><b>Interviewer:</b> Leonard Rapport","Phillip Cohen, Peddler"
"<b>Interviewee:</b> Bill Jordan<br><b>Interviewer:</b> Leonard Rapport","Bill Jordan, Speculator"
"<b>Interviewee:</b> Jim Eubanks<br><b>Interviewer:</b> Leonard Rapport","Jim Eubanks; Horse and Cow Trader"
"<b>Interviewee:</b> Susie Decker<br><b>Interviewer:</b> Ruth L. Riddick","Nellie Carter"
"<b>Interviewee:</b> Betty Staton<br><b>Interviewer:</b> Ruth L. Riddick","Life Story of a Negro Washwoman"
"<b>Interviewee:</b> Wilsie Beale<br><b>Interviewer:</b> Nancy T. Robinson","A Waitress Confesses"
"<b>Interviewee:</b> Lula Garner<br><b>Interviewer:</b> Nancy T. Robinson","If 'Tis God's Will"
"<b>Interviewee:</b> Edith Rance Harris<br><b>Interviewer:</b> Nancy T. Robinson","Up through Handicaps"
"<b>Interviewee:</b> Mildred Thompson<br><b>Interviewer:</b> Nancy T. Robinson","Trouble and More Trouble"
"<b>Interviewee:</b> Gretchen Branch<br><b>Interviewer:</b> Nancy T. Robinson","Work, Luck, and Play"
"<b>Interviewee:</b> Frank Freeman<br><b>Interviewer:</b> Nancy T. Robinson","At Least We Have a Roof"
"<b>Interviewee:</b> Dr. Ross<br><b>Interviewer:</b> Nancy T. Robinson","Young Dr. Edward Roundtree"
"<b>Interviewee:</b> Everlina Jane Cotton<br><b>Interviewer:</b> Nancy T. Robinson","Till Death Do Us Part"
"<b>Interviewee:</b> E.C. Shoe<br><b>Interviewer:</b> Anna Belle W. Rogerson","A Late Education"
"<b>Interviewee:</b> Mrs. J.W. Sadler<br><b>Interviewer:</b> Williams J. Sadler","Mrs. Will Casteen"
"<b>Interviewee:</b> Isaac \"Big Ike\" O'Neal<br><b>Interviewer:</b> W. O. Saunders","Untitled"
"<b>Interviewee:</b> G. Reilly Swindell<br><b>Interviewer:</b> W. O. Saunders","When a Good Coffin Cost Only $4.50"
"<b>Interviewee:</b> Carey Miles Cartwright<br><b>Interviewer:</b> W. O. Saunders","A Taskmaster in the Vineyard of the Lord."
"<b>Interviewee:</b> H.S. Willey<br><b>Interviewer:</b> W. O. Saunders","Women Can Take More Punishment Than Men"
"<b>Interviewee:</b> J.C. Curles<br><b>Interviewer:</b> W. O. Saunders","A Fisherman and His Luck"
"<b>Interviewee:</b> C.M. Cooper<br><b>Interviewer:</b> W. O. Saunders","Women Don't Know Their Men's Pockets"
"<b>Interviewee:</b> NA<br><b>Interviewer:</b> W. O. Saunders","Hopes It Will Be Twins"
"<b>Interviewee:</b> George A. Twiddy<br><b>Interviewer:</b> W. O. Saunders","Business is a Pleasure"
"<b>Interviewee:</b> John W. Twiford<br><b>Interviewer:</b> W. O. Saunders","..And Set Me Up a Hell-Buster"
"<b>Interviewee:</b> Gus Constantin Geraris<br><b>Interviewer:</b> W. O. Saunders","Why So Many Greek Restaurants?"
"<b>Interviewee:</b> Joe Singleton<br><b>Interviewer:</b> W. O. Saunders","Story of Joe Singleton, Barber"
"<b>Interviewee:</b> H. Perry Davis<br><b>Interviewer:</b> W. O. Saunders","H. Perry Davis, Justice of the Peace"
"<b>Interviewee:</b> S. Brill<br><b>Interviewer:</b> W. O. Saunders","S. Brill"
"<b>Interviewee:</b> William M. Overston<br><b>Interviewer:</b> W. O. Saunders","The Driscolls"
"<b>Interviewee:</b> A.D. Pool<br><b>Interviewer:</b> W. O. Saunders","He Never Wanted Land Till Now"
"<b>Interviewee:</b> Georgia Rice<br><b>Interviewer:</b> W. O. Saunders","I Didn't Raise My Children to Want Meat"
"<b>Interviewee:</b> Tom Burnett<br><b>Interviewer:</b> W. O. Saunders","Untitled"
"<b>Interviewee:</b> Roxie Dann<br><b>Interviewer:</b> W. B. Sedberry","Aunt Roxie Dann"
"<b>Interviewee:</b> Jesse Powell<br><b>Interviewer:</b> W. B. Sedberry","The Town Peddler"
"<b>Interviewee:</b> J. Harry Hopkins<br><b>Interviewer:</b> W. B. Sedberry","Mack, the Con Man"
"<b>Interviewee:</b> John Wheedbee Cox<br><b>Interviewer:</b> W. B. Sedberry","John Wheedbee Cox"
"<b>Interviewee:</b> Mary Grover<br><b>Interviewer:</b> Anne Winn Stevens","Another version of the above interview"
"<b>Interviewee:</b> Lester Garren<br><b>Interviewer:</b> Anne Winn Stevens","All of Our Folks Was Farmers"
"<b>Interviewee:</b> Billy Gilbert<br><b>Interviewer:</b> Anne Winn Stevens","Gone to Seed"
"<b>Interviewee:</b> W.J. Thompson<br><b>Interviewer:</b> Anne Winn Stevens","Tenant Trouble"
"<b>Interviewee:</b> Edna Meadows<br><b>Interviewer:</b> Anne Winn Stevens","The Meadows"
"<b>Interviewee:</b> Mrs. T.C.. Ingle<br><b>Interviewer:</b> Anne Winn Stevens","Prayers That Worked"
"<b>Interviewee:</b> Charles Ledford<br><b>Interviewer:</b> Anne Winn Stevens","The Ledfords"
"<b>Interviewee:</b> David M. Snelson<br><b>Interviewer:</b> Anne Winn Stevens","Mountain Farming At Its Best"
"<b>Interviewee:</b> David M. Snelson<br><b>Interviewer:</b> Anne Winn Stevens","Another version of the above interview"
"<b>Interviewee:</b> Carl T. Garrison<br><b>Interviewer:</b> Anne Winn Stevens","Begging Reduced to a System"
"<b>Interviewee:</b> Junius Allison<br><b>Interviewer:</b> Anne Winn Stevens","Public School Teachers"
"<b>Interviewee:</b> Georgia Lunsford<br><b>Interviewer:</b> Anne Winn Stevens","Mrs. Georgia Lunsford"
"<b>Interviewee:</b> Mrs. J.C. Lawrence<br><b>Interviewer:</b> Anne Winn Stevens","The Lawrences"
"<b>Interviewee:</b> H.O. Summey<br><b>Interviewer:</b> H. O. Summey","The Jamison Family"
"<b>Interviewee:</b> W.W. Whittington<br><b>Interviewer:</b> Christine Taylor","A Country Physician"
"<b>Interviewee:</b> Courtney Murphy<br><b>Interviewer:</b> Christine Taylor","Kinfolks Onten't to Get Married"
"<b>Interviewee:</b> Callie Hines<br><b>Interviewer:</b> Christine Taylor","Callie Hines"
"<b>Interviewee:</b> Sybil Mumford<br><b>Interviewer:</b> Christine Taylor","The Baxters"
"<b>Interviewee:</b> J.R. Everett<br><b>Interviewer:</b> William L. Vaughan","The Bachelor Preacher"
"<b>Interviewee:</b> J.R. Everett<br><b>Interviewer:</b> William L. Vaughan","Another version of the above interview"
"<b>Interviewee:</b> Hallett Sydney Ward<br><b>Interviewer:</b> William L. Vaughan","An Unreconstructed Rebel"
"<b>Interviewee:</b> John A. Mayo<br><b>Interviewer:</b> William L. Vaughan","Joseph Mandell"
"<b>Interviewee:</b> Elizabeth Callicutt<br><b>Interviewer:</b> Mary P. Wilson","Stage Struck"
"<b>Interviewee:</b> L.J. Fulham<br><b>Interviewer:</b> Mary P. Wilson","I Don't Aim to Complain None at All."
"<b>Interviewee:</b> Henry Durham<br><b>Interviewer:</b> Mary P. Wilson","Untitled"
"<b>Interviewee:</b> S.L. Mullen<br><b>Interviewer:</b> Mary P. Wilson","Seller of Pills"
"<b>Interviewee:</b> George Cornelius Chandler<br><b>Interviewer:</b> Mary P. Wilson","The Old Blacksmith"
"<b>Interviewee:</b> J.F. Jones<br><b>Interviewer:</b> Mary P. Wilson","Always Used to Drinkin' Liquor"
"<b>Interviewee:</b> Mattie J. Wilson<br><b>Interviewer:</b> Mary P. Wilson","Untitled"
"<b>Interviewee:</b> Mrs. J.C.Helms<br><b>Interviewer:</b> Mary P. Wilson","Mrs. J.C. Helms"
"<b>Interviewee:</b> Mrs. Charles Porter<br><b>Interviewer:</b> Mary P. Wilson","Untitled"
"<b>Interviewee:</b> NA<br><b>Interviewer:</b> Muriel L. Wolff","Calvary Lutheran Church"
"<b>Interviewee:</b> NA<br><b>Interviewer:</b> Muriel L. Wolff","Songs"
"<b>Interviewee:</b> NA<br><b>Interviewer:</b> Muriel L. Wolff","Forest Hill Methodist Church"
"<b>Interviewee:</b> Alice Caudle<br><b>Interviewer:</b> Muriel L. Wolff","Alice Caudle"
"<b>Interviewee:</b> Jones I. Freeze<br><b>Interviewer:</b> Muriel L. Wolff","Jones I. Freeze"
"<b>Interviewee:</b> Ruby Fletcher<br><b>Interviewer:</b> Muriel L. Wolff","The Fletchers"
"<b>Interviewee:</b> NA<br><b>Interviewer:</b> Muriel L. Wolff","Untitled"
"<b>Interviewee:</b> Janie Armstrong Solomon<br><b>Interviewer:</b> Muriel L. Wolff","Janie Solomon"
"<b>Interviewee:</b> Emma Willis<br><b>Interviewer:</b> Muriel L. Wolff","Miss Emma Willis (Called Aunt Emma)"
"<b>Interviewee:</b> Elvira Barbee<br><b>Interviewer:</b> Muriel L. Wolff","Elvira Barbee"
"<b>Interviewee:</b> Florence Starnes<br><b>Interviewer:</b> Muriel L. Wolff","Roberta Mill"
"<b>Interviewee:</b> NA<br><b>Interviewer:</b> Muriel L. Wolff","The First Church of God"
"<b>Interviewee:</b> NA<br><b>Interviewer:</b> Muriel L. Wolff","The Tabernacle (Formerly Four Square Gospel Temple)"
"<b>Interviewee:</b> Belle Walter<br><b>Interviewer:</b> Muriel L. Wolff","Belle and Lottie Walter"
"<b>Interviewee:</b> Sam Wilkinson<br><b>Interviewer:</b> Muriel L. Wolff","Terra Ceia"
"<b>Interviewee:</b> NA<br><b>Interviewer:</b> Muriel L. Wolff","Castle Hayne"
"<b>Interviewee:</b> Johnnie Shearin<br><b>Interviewer:</b> Muriel L. Wolff","Life at Castle Hayne"
"<b>Interviewee:</b> Mr. Robbins<br><b>Interviewer:</b> Muriel L. Wolff","Penderlea"
"<b>Interviewee:</b> Charles Alexander Dunston<br><b>Interviewer:</b> NA","Dr. Charles Alexander Dunston"
"<b>Interviewee:</b> Mr. Bailey<br><b>Interviewer:</b> NA","The Baileys"
"<b>Interviewee:</b> Mrs. Lil Pepper<br><b>Interviewer:</b> NA","Lil Pepper"
"<b>Interviewee:</b> Clara Cates<br><b>Interviewer:</b> NA","Untitled"
"<b>Interviewee:</b> Rufus Samuel Vass<br><b>Interviewer:</b> NA","Dr. Rufus Samuel Vass"
"<b>Interviewee:</b> NA<br><b>Interviewer:</b> Ned DeWitt","The Machinist"
"<b>Interviewee:</b> NA<br><b>Interviewer:</b> Ned DeWitt","The Driller"
"<b>Interviewee:</b> NA<br><b>Interviewer:</b> Daniel M. Garrison","Casinghead Gasoline Plant"
"<b>Interviewee:</b> NA<br><b>Interviewer:</b> Daniel M. Garrison","Casinghead Gasoline Plant (cont.)"
"<b>Interviewee:</b> Joe Haskins<br><b>Interviewer:</b> Daniel M. Garrison","Rigbuilders Marry Women"
"<b>Interviewee:</b> NA<br><b>Interviewer:</b> Jim Thompson","The Drilling Contractor"
"<b>Interviewee:</b> Sadie Duggett<br><b>Interviewer:</b> Ned DeWitt","The Oil-Field Cook"
"<b>Interviewee:</b> NA<br><b>Interviewer:</b> Ned DeWitt","The Rigbuilder"
"<b>Interviewee:</b> Charlie Storms(?)<br><b>Interviewer:</b> Ned DeWitt","The Rigbuilder #2"
"<b>Interviewee:</b> NA<br><b>Interviewer:</b> Ned DeWitt","The Roughneck"
"<b>Interviewee:</b> Jackson Roger Murell<br><b>Interviewer:</b> Ned DeWitt","Four Ball in the Side Pocket"
"<b>Interviewee:</b> NA<br><b>Interviewer:</b> Hope Welborn","Spudder Man"
"<b>Interviewee:</b> Sam Barkley<br><b>Interviewer:</b> Hope Welborn","Supply Salesman"
"<b>Interviewee:</b> NA<br><b>Interviewer:</b> Ned DeWitt","The Pumper"
"<b>Interviewee:</b> Billy Bates<br><b>Interviewer:</b> Daniel M. Garrison","The Pipeliner"
"<b>Interviewee:</b> Daniel W. Wilkes<br><b>Interviewer:</b> F. Donald Atwell","There's Money in Hawgs"
"<b>Interviewee:</b> Daniel W. Wilkes<br><b>Interviewer:</b> F. Donald Atwell","Another version of the above interview"
"<b>Interviewee:</b> Walter Coachman<br><b>Interviewer:</b> F. Donald Atwell","I Am a Negro"
"<b>Interviewee:</b> Emaline Oliver<br><b>Interviewer:</b> F. Donald Atwell","In Abraham's Bosom"
"<b>Interviewee:</b> Conyers Elliott Frasier<br><b>Interviewer:</b> L.E. Cogburn","Conyers Elliott Frasier"
"<b>Interviewee:</b> Conyers Elliott Frasier<br><b>Interviewer:</b> L.E. Cogburn","I Like To Farm"
"<b>Interviewee:</b> Randolph Smith<br><b>Interviewer:</b> L.E. Cogburn","No Pension Wanted"
"<b>Interviewee:</b> Willie Marlowe<br><b>Interviewer:</b> Anne Ruth Davis","The Skippers"
"<b>Interviewee:</b> Gary Davis<br><b>Interviewer:</b> Anne Ruth Davis","Gary Davis"
"<b>Interviewee:</b> Mrs. D.B. Stone<br><b>Interviewer:</b> Anne Ruth Davis","Hester Barnes"
"<b>Interviewee:</b> Wilbur White<br><b>Interviewer:</b> Anne Ruth Davis","Mr. John Black's Experiences on the Farm"
"<b>Interviewee:</b> Wilbur White<br><b>Interviewer:</b> Anne Ruth Davis","Tenant to Taxpayer"
"<b>Interviewee:</b> Mamie Collins<br><b>Interviewer:</b> Anne Ruth Davis","Mamie Collins"
"<b>Interviewee:</b> Mamie Collins<br><b>Interviewer:</b> Anne Ruth Davis","There's No Place Like Home"
"<b>Interviewee:</b> Agnes Harrell<br><b>Interviewer:</b> Anne Ruth Davis","She's Just Done Well"
"<b>Interviewee:</b> Anna Gales<br><b>Interviewer:</b> Anne Ruth Davis","Anna Gales"
"<b>Interviewee:</b> Carrie Godbold<br><b>Interviewer:</b> Anne Ruth Davis","I've Seen Better Days"
"<b>Interviewee:</b> Samuel T. Clowney<br><b>Interviewer:</b> W.W. Dixon","Samuel T. Clowney"
"<b>Interviewee:</b> Kate O'Bear<br><b>Interviewer:</b> W.W. Dixon","Kate O'Bear"
"<b>Interviewee:</b> Eloise Davis Ruff<br><b>Interviewer:</b> W.W. Dixon","Eloise Davis Ruff"
"<b>Interviewee:</b> Catharine T. Smith<br><b>Interviewer:</b> W.W. Dixon","Catherine T. Smith"
"<b>Interviewee:</b> Rebecca V. Woodward<br><b>Interviewer:</b> W.W. Dixon","Rebecca V. Woodward"
"<b>Interviewee:</b> Jane Lemmon<br><b>Interviewer:</b> W.W. Dixon","Jane Lemmon"
"<b>Interviewee:</b> Gabrielle C. Harris<br><b>Interviewer:</b> W.W. Dixon","Mrs. Gabrielle C. Harris"
"<b>Interviewee:</b> John L. Ratteree<br><b>Interviewer:</b> W.W. Dixon","John L. Ratteree"
"<b>Interviewee:</b> Henry Elliott Ketchin<br><b>Interviewer:</b> W.W. Dixon","Henry Elliott Ketchin"
"<b>Interviewee:</b> John Creighton Buchanan<br><b>Interviewer:</b> W.W. Dixon","Dr. John Creighton Buchanan"
"<b>Interviewee:</b> Samuel F. Castles<br><b>Interviewer:</b> W.W. Dixon","Samuel F. Castles"
"<b>Interviewee:</b> John Means Harden<br><b>Interviewer:</b> W.W. Dixon","John Means Harden"
"<b>Interviewee:</b> Mary Rawls<br><b>Interviewer:</b> W.W. Dixon","Mary Rawls"
"<b>Interviewee:</b> Lee Peake<br><b>Interviewer:</b> John L. Dove","A Pile of Sawdust"
"<b>Interviewee:</b> Ernest B. Boney<br><b>Interviewer:</b> John P. Farmer","The Experience of a Farm Owner"
"<b>Interviewee:</b> Joe Shing<br><b>Interviewer:</b> Ruth D. Henderson","Spartanburg's Chinatown"
"<b>Interviewee:</b> Colie Craft<br><b>Interviewer:</b> Mattie T. Jones","You Can Do What You Want To"
"<b>Interviewee:</b> Andrew Hartley<br><b>Interviewer:</b> Mattie T. Jones","Lazarus, Mary, and Martha"
"<b>Interviewee:</b> John William Prosser<br><b>Interviewer:</b> Mattie T. Jones","Ain't It So, Corrie?"
"<b>Interviewee:</b> Fannie Niles<br><b>Interviewer:</b> Mattie T. Jones","The Moore Family"
"<b>Interviewee:</b> Colie Craft<br><b>Interviewer:</b> Mattie T. Jones","The Crofton Family (another version of 860)"
"<b>Interviewee:</b> Susannah Thorton<br><b>Interviewer:</b> Mattie T. Jones","The Thornton Family"
"<b>Interviewee:</b> Charles M. Kelly<br><b>Interviewer:</b> Mattie T. Jones","The Kellys on William Street"
"<b>Interviewee:</b> John Kelly Edwards<br><b>Interviewer:</b> E. Fronde Kennedy","John Kelly Edwards"
"<b>Interviewee:</b> Silas Harmon<br><b>Interviewer:</b> Verner Lea","Silas Harmon"
"<b>Interviewee:</b> Corrie Wingard<br><b>Interviewer:</b> Verner Lea","Daisy White"
"<b>Interviewee:</b> Gertrude Hall<br><b>Interviewer:</b> Verner Lea","Mary Green"
"<b>Interviewee:</b> Estelle Williams<br><b>Interviewer:</b> Verner Lea","Joe and Sallie Jones"
"<b>Interviewee:</b> Alice Washburn<br><b>Interviewer:</b> A. W. Long","Sarah Norman, Spinster"
"<b>Interviewee:</b> Mary Louise Fickling<br><b>Interviewer:</b> Muriel Mann","The Coffee Grounds Woman"
"<b>Interviewee:</b> Lavinia McKee<br><b>Interviewer:</b> Chlotilde R. Martin","Midwivery Not What It Used To Be"
"<b>Interviewee:</b> Mattie Ingram<br><b>Interviewer:</b> Chlotilde R. Martin","The County Health Nurse"
"<b>Interviewee:</b> Mattie Ingram<br><b>Interviewer:</b> Chlotilde R. Martin","Another version of the above interview."
"<b>Interviewee:</b> Elizabeth Rubinowitz<br><b>Interviewer:</b> Chlotilde R. Martin","The Levines in the Melting Pot"
"<b>Interviewee:</b> Mrs. Johnson<br><b>Interviewer:</b> Chlotilde R. Martin","The Johnsons Build a House"
"<b>Interviewee:</b> Lucy Price<br><b>Interviewer:</b> David A. Matthewes","Miss Lucy"
"<b>Interviewee:</b> Lucy Price<br><b>Interviewer:</b> David A. Matthewes","Another version of the above interview."
"<b>Interviewee:</b> Irene<br><b>Interviewer:</b> Ida L. Moore","Irene"
"<b>Interviewee:</b> Elvira Hawkins<br><b>Interviewer:</b> Ida L. Moore","Elvira Hawkins"
"<b>Interviewee:</b> Beatrice Reeves<br><b>Interviewer:</b> Ida L. Moore","All My Life I've Loved A Song"
"<b>Interviewee:</b> Lulu Burnett<br><b>Interviewer:</b> Ida L. Moore","Lula Burnett"
"<b>Interviewee:</b> Sallie Jane Stevenson<br><b>Interviewer:</b> Ida L. Moore","Sallie Jane Stephenson"
"<b>Interviewee:</b> Ella Cheek<br><b>Interviewer:</b> Ida L. Moore","May Is A Lonesome Time"
"<b>Interviewee:</b> Rhody McConnell<br><b>Interviewer:</b> Ida L. Moore","The Fighting McConnells"
"<b>Interviewee:</b> Eberson Murray<br><b>Interviewer:</b> Chalmers Murray","Memoirs of Eberson Murray"
"<b>Interviewee:</b> Julia LaRoche<br><b>Interviewer:</b> Chalmers Murray","Mistress of Magnolia Hall"
"<b>Interviewee:</b> Julia LaRoche<br><b>Interviewer:</b> Chalmers Murray","Another version of the above interview"
"<b>Interviewee:</b> NA<br><b>Interviewer:</b> Chalmers Murray","Etiwan Island and Its People"
"<b>Interviewee:</b> Edward Simmons<br><b>Interviewer:</b> Chalmers Murray","Got to Go Crik"
"<b>Interviewee:</b> George Brown<br><b>Interviewer:</b> Chalmers Murray","Fish, Hominy and Cotton; or July Geddes, Negro of Etiwan"
"<b>Interviewee:</b> Mae Willis<br><b>Interviewer:</b> G.A.M.","Mae Willis"
"<b>Interviewee:</b> Thomas C. Zobel<br><b>Interviewer:</b> Stiles M. Scruggs","Life of a Fireman"
"<b>Interviewee:</b> Granny Padgett<br><b>Interviewer:</b> Helen Shuler","Granny Padgett"
"<b>Interviewee:</b> Mattie Hammond Harrell<br><b>Interviewer:</b> Helen Shuler","Mattie Hammond Harrell"
"<b>Interviewee:</b> Abel Starnes<br><b>Interviewer:</b> Helen Shuler","Not Showing Skeletons"
"<b>Interviewee:</b> Michael Haigler<br><b>Interviewer:</b> Helen Shuler","Living on His Knees"
"<b>Interviewee:</b> Nathan Schapiro<br><b>Interviewer:</b> Caldwell Sims","A Peddler's Progress"
"<b>Interviewee:</b> Fred Alexander<br><b>Interviewer:</b> Caldwell Sims","Fred Alexander"
"<b>Interviewee:</b> Susie Simmons<br><b>Interviewer:</b> Elmer Turnage","The Summer Family"
"<b>Interviewee:</b> Susie Simmons<br><b>Interviewer:</b> Elmer Turnage","Why the Simmons Family Went from the Coal Fields to the Cotton Mill"
"<b>Interviewee:</b> John R. Queen<br><b>Interviewer:</b> Elmer Turnage","Mr. Kerensky Becomes a Barber"
"<b>Interviewee:</b> John R. Queen<br><b>Interviewer:</b> Elmer Turnage","How Mr. Queen Became King of the Barber Business"
"<b>Interviewee:</b> Ben Williams<br><b>Interviewer:</b> Margaret Wilkinson","Companionship on Etiwan Island"
"<b>Interviewee:</b> Annie Griffin Cattle<br><b>Interviewer:</b> Rose D. Workman","Mother Heart"
"<b>Interviewee:</b> Thelma Wingate<br><b>Interviewer:</b> Rose D. Workman","We Follow the Sea"
"<b>Interviewee:</b> Alph Kinard<br><b>Interviewer:</b> Rose D. Workman","Mary Watkins and Her Family"
"<b>Interviewee:</b> Alph Kinard<br><b>Interviewer:</b> Rose D. Workman","Another version of the above interview."
"<b>Interviewee:</b> Janie Smith<br><b>Interviewer:</b> Rose D. Workman","The Story of Ellen"
"<b>Interviewee:</b> S.C. Schill<br><b>Interviewer:</b> Rose D. Workman","How Mrs. Redmond Came to be in the Apartment House Business"
"<b>Interviewee:</b> Marion Jennigns<br><b>Interviewer:</b> Rose D. Workman","Growing Up with the Automobile"
"<b>Interviewee:</b> Josie Jones<br><b>Interviewer:</b> Rose D. Workman","Mrs. Brown's Diamond Ring"
"<b>Interviewee:</b> Jose Jones<br><b>Interviewer:</b> Rose D. Workman","Another version of the above interview"
"<b>Interviewee:</b> John B. Culberton<br><b>Interviewer:</b> Robert V. Williams","John B. Culbertson"
"<b>Interviewee:</b> John B. Culberton<br><b>Interviewer:</b> Robert V. Williams","Roger B. Chalmers"
"<b>Interviewee:</b> Will Boozer<br><b>Interviewer:</b> Robert V. Williams","Will Boozer, Reformed Boozer"
"<b>Interviewee:</b> George Mehales<br><b>Interviewer:</b> Robert V. Williams","The Greeks Have A Word"
"<b>Interviewee:</b> George Mehales<br><b>Interviewer:</b> Robert V. Williams","George Mehales"
"<b>Interviewee:</b> William A. Lawton<br><b>Interviewer:</b> Phoebe Faucette","Memoirs of My Father and Bygone Days"
"<b>Interviewee:</b> Alice Nettles Britton<br><b>Interviewer:</b> Phoebe Faucette","Mrs. Alice Nettles Britton"
"<b>Interviewee:</b> E.G. \"Mamie\" Willingham<br><b>Interviewer:</b> Phoebe Faucette","Mrs. E.G. Willingham"
"<b>Interviewee:</b> NA<br><b>Interviewer:</b> G. P. Smith","Suggestions for an Anecdotal History"
"<b>Interviewee:</b> NA<br><b>Interviewer:</b> NA","Pockets in America, Croatans"
"<b>Interviewee:</b> NA<br><b>Interviewer:</b> NA","Pockets in America, Coosaw Island, S.C."
"<b>Interviewee:</b> NA<br><b>Interviewer:</b> NA","Pockets in America, Catawba Indians."
"<b>Interviewee:</b> Tobitha \"Tobe\" Easterly<br><b>Interviewer:</b> James Aswell","Talking is My Life"
"<b>Interviewee:</b> John Campbell<br><b>Interviewer:</b> James Aswell","I'd Rather Die"
"<b>Interviewee:</b> NA<br><b>Interviewer:</b> James Aswell","Little Eight John"
"<b>Interviewee:</b> A.C. Jones<br><b>Interviewer:</b> L. Agee","Every Morning about Five-Thirty"
"<b>Interviewee:</b> Maria<br><b>Interviewer:</b> Ruth Clark","Too Old to Work, or Ol' Mistress"
"<b>Interviewee:</b> Henriete Veltman<br><b>Interviewer:</b> Ruth Clark","Pay or No Pay"
"<b>Interviewee:</b> Finis Evitts<br><b>Interviewer:</b> Ruth Clark","Finits Evitts, So We Played Along"
"<b>Interviewee:</b> Fleta Cole<br><b>Interviewer:</b> Ruth Clark","Solid Time"
"<b>Interviewee:</b> Idella Woods<br><b>Interviewer:</b> Ruth Clark","We Started Out the Poor Way"
"<b>Interviewee:</b> William Olive<br><b>Interviewer:</b> Ruth Clark","Like a Shadow That Declineth"
"<b>Interviewee:</b> Santifee Paschall<br><b>Interviewer:</b> Ruth Clark","Nippity Tuck"
"<b>Interviewee:</b> Ella Paschall<br><b>Interviewer:</b> Ruth Clark","Sorry Living"
"<b>Interviewee:</b> Aunt Toby (Tobitha) Easterly<br><b>Interviewer:</b> Ruth Clark","Our Times and Seasons"
"<b>Interviewee:</b> Leanna Lee<br><b>Interviewer:</b> Ruth Clark","Moving Again"
"<b>Interviewee:</b> Carrie Black<br><b>Interviewer:</b> Ruth Clark","Once I Was a Pretty Girl"
"<b>Interviewee:</b> James Hubert Woodside<br><b>Interviewer:</b> NA","And Then I'd Travel"
"<b>Interviewee:</b> A.J. Gourley<br><b>Interviewer:</b> Jeannette Edwards","Tombstone Maker"
"<b>Interviewee:</b> Jesse Grant<br><b>Interviewer:</b> Ruth Foster","It's A Christian Factory"
"<b>Interviewee:</b> James Person<br><b>Interviewer:</b> Ray R. Humphries","I Can Read and I Can Write"
"<b>Interviewee:</b> Henry Clay Abernathy<br><b>Interviewer:</b> Lillian Love","Nothin' Too Hard Fo' the Lord"
"<b>Interviewee:</b> Henry Slaughter<br><b>Interviewer:</b> Lillian Love","So Shall It Come to Pass"
"<b>Interviewee:</b> Samuel Dean<br><b>Interviewer:</b> Lillian Love","Didn't Keep a Penny (Work for One and Catch Another)"
"<b>Interviewee:</b> Samuel Dean<br><b>Interviewer:</b> Lillian Love","Another version of the above interview."
"<b>Interviewee:</b> Mamie Berryman<br><b>Interviewer:</b> W.M.","As I Go Along"
"<b>Interviewee:</b> Calvin Rucker<br><b>Interviewer:</b> Dean Newman","From the Mountains Faring"
"<b>Interviewee:</b> Pa Carnes<br><b>Interviewer:</b> Dean Newman","Lived Too Long"
"<b>Interviewee:</b> Leander Huskey<br><b>Interviewer:</b> Dean Newman","Saved and Sanctified"
"<b>Interviewee:</b> NA<br><b>Interviewer:</b> Nellie Gray Toler","We've Done the Best We Could"
"<b>Interviewee:</b> James Hilary Greer<br><b>Interviewer:</b> Nellie Gray Toler","You've Got to Live with Post Holes"
"<b>Interviewee:</b> Pete Fox<br><b>Interviewer:</b> Nellie Gray Toler","My Joy in Life"
"<b>Interviewee:</b> Imogene Coleman<br><b>Interviewer:</b> Nellie Gray Toler","No Grunt Coming"
"<b>Interviewee:</b> William David Wrather Wade<br><b>Interviewer:</b> Nellie Gray Toler","Dub"
"<b>Interviewee:</b> John Adkins<br><b>Interviewer:</b> Nellie Gray Toler","A Man Like Me"
"<b>Interviewee:</b> Charlie Lewis<br><b>Interviewer:</b> Nellie Gray Toler","A Mighty Comedown"
"<b>Interviewee:</b> Robert Maynard<br><b>Interviewer:</b> Nellie Gray Toler","Weary Willie"
"<b>Interviewee:</b> Robert Maynard<br><b>Interviewer:</b> Nellie Gray Toler","Untitled"
"<b>Interviewee:</b> Bessie Mae Boatwright<br><b>Interviewer:</b> Nellie Gray Toler","Bessie Mae Boatwright"
"<b>Interviewee:</b> NA<br><b>Interviewer:</b> Nellie Gray Toler","Unavailable"
"<b>Interviewee:</b> Jim Ramsay<br><b>Interviewer:</b> Nellie Gray Toler","Pride or No Pride"
"<b>Interviewee:</b> Ben E. Cokes<br><b>Interviewer:</b> Nellie Gray Toler","Waywandering Man"
"<b>Interviewee:</b> Eldon Graham<br><b>Interviewer:</b> Nellie Gray Toler","On The Road to Sheriff"
"<b>Interviewee:</b> NA<br><b>Interviewer:</b> Nellie Gray Toler","Outcast in the World"
"<b>Interviewee:</b> Alitra Ramsey<br><b>Interviewer:</b> Della Yoe","Sometimes I Get Ashamed"
"<b>Interviewee:</b> Mrs. Sam Sanders<br><b>Interviewer:</b> Della Yoe","Stopping the Leaks"
"<b>Interviewee:</b> Clara Garber<br><b>Interviewer:</b> Della Yoe","Clara Garber"
"<b>Interviewee:</b> Mrs. Bruce Kennedy<br><b>Interviewer:</b> Della Yoe","Always Did Love Babies"
"<b>Interviewee:</b> Arlie G. Lane<br><b>Interviewer:</b> Della Yoe","Them That Needs"
"<b>Interviewee:</b> Myrtle Cunningham<br><b>Interviewer:</b> Della Yoe","Ain't Borrowing No Worries"
"<b>Interviewee:</b> Arlie Lee<br><b>Interviewer:</b> Della Yoe","Sorghum from Sand Mountain"
"<b>Interviewee:</b> Margaret Chambers<br><b>Interviewer:</b> Della Yoe","Snappy Feeding"
"<b>Interviewee:</b> Ella Carpenter<br><b>Interviewer:</b> Della Yoe","The Grand Ways"
"<b>Interviewee:</b> Lucy Reed<br><b>Interviewer:</b> Della Yoe","Papa Got Pride"
"<b>Interviewee:</b> Fan Flanigan<br><b>Interviewer:</b> Della Yoe","Till the River Rises"
"<b>Interviewee:</b> Beulah Handly<br><b>Interviewer:</b> Anne Davidson","Beulah Handly"
"<b>Interviewee:</b> Fleety Dodson<br><b>Interviewer:</b> Margaret Jeffries","Fleety Dodson"
"<b>Interviewee:</b> Mary Abbott<br><b>Interviewer:</b> Pearl Morrissett","Untitled"
"<b>Interviewee:</b> Mrs. Della Connor<br><b>Interviewer:</b> Pearl Morrissett","Untitled"
"<b>Interviewee:</b> James Perdue<br><b>Interviewer:</b> Essie Smith","Untitled"
"<b>Interviewee:</b> \"Cucumber John\" Tyler<br><b>Interviewer:</b> Mary S. Venable","Untitled"
"<b>Interviewee:</b> Archie Davidson<br><b>Interviewer:</b> NA","Untitled"
"<b>Interviewee:</b> Janie Wilkes<br><b>Interviewer:</b> Kate Warren Hayden","Bringing in the Sheaves"
"<b>Interviewee:</b> Mrs. Marie Morris<br><b>Interviewer:</b> NA","A Greek-American Wife"
"<b>Interviewee:</b> Mary Simposon<br><b>Interviewer:</b> R.L. Perry","Mary Gets Her Desires"
"<b>Interviewee:</b> Mrs. Ira Reynolds<br><b>Interviewer:</b> Susie R. O'Brien","Three interviews"
"<b>Interviewee:</b> Mr. W.D. Owens<br><b>Interviewer:</b> Annie L. Bowman","Three interviews"
"<b>Interviewee:</b> Mrs. Isabel Barnwell<br><b>Interviewer:</b> Rose Shepherd","Mrs. Isabel Barnwell, School Teacher"
"<b>Interviewee:</b> Dr. E. H. Armstrong<br><b>Interviewer:</b> Rose Shepherd","Four interviews"
"<b>Interviewee:</b> Mrs. Ruth J. Banes<br><b>Interviewer:</b> Rose Shepherd","Four interviews"
"<b>Interviewee:</b> St. Elmo W. Acosta<br><b>Interviewer:</b> Rose Shepherd","Four interviews"
"<b>Interviewee:</b> St. Elmo W. Acosta<br><b>Interviewer:</b> Rose Shepherd","Four interviews"
"<b>Interviewee:</b> Mrs. J. C. Jackson<br><b>Interviewer:</b> Carry Fowler","Two interviews"
"<b>Interviewee:</b> Mr. Fred Trammell<br><b>Interviewer:</b> Carry Fowler","Two interviews"
"<b>Interviewee:</b> Mrs. Lelia Bramblett<br><b>Interviewer:</b> Sadie B. Hornsby","Mrs. Lelia Bramblett"
"<b>Interviewee:</b> Brother Gresham<br><b>Interviewer:</b> Grace McCune","Two interviews"
"<b>Interviewee:</b> Mrs. Margaret Davis<br><b>Interviewer:</b> Grace McCune","Two interviews"
"<b>Interviewee:</b> Mrs. Bessie Conite<br><b>Interviewer:</b> Jeanne deLevigne Scott","Four Interviews"
"<b>Interviewee:</b> Eugene Reuben Mumford<br><b>Interviewer:</b> Jeanne deLevigne Scott","Four Interviews"
"<b>Interviewee:</b> Louis Huber<br><b>Interviewer:</b> Jeanne deLevigne Scott","Four Interviews"
"<b>Interviewee:</b> James Cook<br><b>Interviewer:</b> Jeanne deLevigne Scott","Four Interviews"
"<b>Interviewee:</b> Lois Lapiene<br><b>Interviewer:</b> Jeanne deLevigne Scott","Three interviews"
"<b>Interviewee:</b> Bernard Trondle<br><b>Interviewer:</b> Jeanne deLevigne Scott","Three interviews"
"<b>Interviewee:</b> Joseph Landry<br><b>Interviewer:</b> Jeanne deLevigne Scott","Three interviews"
"<b>Interviewee:</b> Moses Alexander<br><b>Interviewer:</b> McKinney","Four Interviews"
"<b>Interviewee:</b> Sam Jenkins<br><b>Interviewer:</b> McKinney","Four Interviews"
"<b>Interviewee:</b> Marie Brown<br><b>Interviewer:</b> McKinney","Four Interviews"
"<b>Interviewee:</b> Moriath Butler<br><b>Interviewer:</b> McKinney","Four Interviews"
"<b>Interviewee:</b> Jerry Coleman<br><b>Interviewer:</b> McKinney","Four Interviews"
"<b>Interviewee:</b> Mary Davis<br><b>Interviewer:</b> McKinney","Four Interviews"
"<b>Interviewee:</b> Elizabeth Henry<br><b>Interviewer:</b> McKinney","Four Interviews"
"<b>Interviewee:</b> Elizabeth Henry<br><b>Interviewer:</b> McKinney","Four Interviews"
"<b>Interviewee:</b> John Anderson Hill<br><b>Interviewer:</b> McKinney","Three interviews"
"<b>Interviewee:</b> Peter Jackson<br><b>Interviewer:</b> McKinney","Three interviews"
"<b>Interviewee:</b> Emile Ward<br><b>Interviewer:</b> McKinney","Three interviews"
"<b>Interviewee:</b> Jim White<br><b>Interviewer:</b> McKinney","Four Interviews"
"<b>Interviewee:</b> Moses Williams<br><b>Interviewer:</b> McKinney","Four Interviews"
"<b>Interviewee:</b> James Willis<br><b>Interviewer:</b> McKinney","Four Interviews"
"<b>Interviewee:</b> Emiline Wilson<br><b>Interviewer:</b> NA","Four Interviews"
"<b>Interviewee:</b> Jed Hollifield<br><b>Interviewer:</b> Ida L Moore","The Hollifields"
"<b>Interviewee:</b> Nina Boone<br><b>Interviewer:</b> Ida L Moore","Nina Boone"
"<b>Interviewee:</b> Bill Branch<br><b>Interviewer:</b> Ida L Moore","Bill Branch"
"<b>Interviewee:</b> Ima Buckner<br><b>Interviewer:</b> Ida L Moore","Ima Buckner"
"<b>Interviewee:</b> Lucille Hicks<br><b>Interviewer:</b> Ida L Moore","Lucille Hicks"
"<b>Interviewee:</b> James Jackson<br><b>Interviewer:</b> Ida L Moore","The Jackson Family"
"<b>Interviewee:</b> Nannie Ruth Park<br><b>Interviewer:</b> Ida L Moore","Nannie Ruth Parks"
"<b>Interviewee:</b> Wesley Renn<br><b>Interviewer:</b> Ida L Moore","The Renns"
"<b>Interviewee:</b> Arthur Hinson<br><b>Interviewer:</b> Ida L Moore","Four Families on Reservior Street"
"<b>Interviewee:</b> Sam Benson<br><b>Interviewer:</b> Ida L Moore","Four Families on Reservior Street"
"<b>Interviewee:</b> Eva Hardison<br><b>Interviewer:</b> Ida L Moore","Four Families on Reservior Street"
"<b>Interviewee:</b> Eunice Smith<br><b>Interviewer:</b> Ida L Moore","Four Families on Reservior Street"
"<b>Interviewee:</b> Ellie Robertson<br><b>Interviewer:</b> Ida L Moore","Ellie Robertson"
"<b>Interviewee:</b> Jennie Robinson<br><b>Interviewer:</b> Ida L Moore","Jennie"
"<b>Interviewee:</b> Mary Smith<br><b>Interviewer:</b> Ida L Moore","Mary Smith"
"<b>Interviewee:</b> Elsie Wall<br><b>Interviewer:</b> Ida L Moore","Elsie Wall"
"<b>Interviewee:</b> Sarah Wall<br><b>Interviewer:</b> Ida L Moore","Sarah Wall"
"<b>Interviewee:</b> Josephine Wallace<br><b>Interviewer:</b> Ida L Moore","Josephine Wallace"
"<b>Interviewee:</b> Nina Wilkins<br><b>Interviewer:</b> Ida L Moore","The Wilkins Family"
"<b>Interviewee:</b> NA<br><b>Interviewer:</b> NA","Memoranda regarding the study Greeks in America"
"<b>Interviewee:</b> NA<br><b>Interviewer:</b> NA","Greeks in Asheville"
"<b>Interviewee:</b> NA<br><b>Interviewer:</b> Douglas Carter","Gambler"
"<b>Interviewee:</b> Charlie<br><b>Interviewer:</b> Douglas Carter","Living on Butter and Eggs"
"<b>Interviewee:</b> Joe Drosinis<br><b>Interviewer:</b> Douglas Carter","Greek Study"
"<b>Interviewee:</b> NA<br><b>Interviewer:</b> Dudley W. Crawford","The Greeks in Charlotte"
"<b>Interviewee:</b> Mrs. Thomas Kalavaris<br><b>Interviewer:</b> Dudley W. Crawford","Discovering America in a Hospital"
"<b>Interviewee:</b> Anthony English<br><b>Interviewer:</b> Dudley W. Crawford","I am a Radical"
"<b>Interviewee:</b> L. Kastakapaulos<br><b>Interviewer:</b> Dudley W. Crawford","Loui"
"<b>Interviewee:</b> Mike Kofinas<br><b>Interviewer:</b> Dudley W. Crawford","It Come Out O.K."
"<b>Interviewee:</b> Kantantinos Kokens<br><b>Interviewer:</b> Dudley W. Crawford","Gus"
"<b>Interviewee:</b> NA<br><b>Interviewer:</b> Dudley W. Crawford","My Greek Husband"
"<b>Interviewee:</b> NA<br><b>Interviewer:</b> Frank B. Rupert","Holy Trinity"
"<b>Interviewee:</b> NA<br><b>Interviewer:</b> Frank B. Rupert","Charlotte Chapter of Sons of Pericles"
"<b>Interviewee:</b> NA<br><b>Interviewer:</b> Frank B. Rupert","Charlotte Chapter of The Woman's Club of the Greek Church"
"<b>Interviewee:</b> NA<br><b>Interviewer:</b> Frank B. Rupert","Greek Census"
"<b>Interviewee:</b> NA<br><b>Interviewer:</b> Frank B. Rupert","Greek Food"
"<b>Interviewee:</b> Tom Condus<br><b>Interviewer:</b> Frank B. Rupert","Tom Condus(Church Janitor)"
"<b>Interviewee:</b> Dimitrios A. Kahahalios<br><b>Interviewer:</b> Robert W. Holmes","The Greeks in Davidson County"
"<b>Interviewee:</b> NA<br><b>Interviewer:</b> W.O. Saunders","Others Who Have Prospered"
"<b>Interviewee:</b> NA<br><b>Interviewer:</b> W.O. Saunders","Personal Mention"
"<b>Interviewee:</b> Gus Constantin Geraris<br><b>Interviewer:</b> W.O. Saunders","Why So Many Greek Restaurants?"
"<b>Interviewee:</b> Nichols Lykiarbopulos<br><b>Interviewer:</b> W.O. Saunders","Untitled"
"<b>Interviewee:</b> NA<br><b>Interviewer:</b> Joseph H. Speak","Greek Orthodox Church in Gaston County"
"<b>Interviewee:</b> NA<br><b>Interviewer:</b> NA","The Greeks In Rowan County"
"<b>Interviewee:</b> NA<br><b>Interviewer:</b> Mary A. Hicks","Greeks In Raleigh"
"<b>Interviewee:</b> Paul Manos Appollonia<br><b>Interviewer:</b> Mary A. Hicks","Why She Sold Her Jewels"
"<b>Interviewee:</b> George N. Ellison<br><b>Interviewer:</b> Mary A. Hicks","George N. Ellison, Proprietor of Raleigh Diner"
"<b>Interviewee:</b> Peter Gournas<br><b>Interviewer:</b> Mary A. Hicks","A Lamp That Shines for Her"
"<b>Interviewee:</b> Steve Loomis<br><b>Interviewer:</b> Mary A. Hicks","The Land of Promise"
"<b>Interviewee:</b> John Popajohn<br><b>Interviewer:</b> Mary A. Hicks","John Popajohn"
"<b>Interviewee:</b> James A. Stathacos<br><b>Interviewer:</b> Mary A. Hicks","James A. Stathacos"
"<b>Interviewee:</b> James Tehodorakakas<br><b>Interviewer:</b> Mary A. Hicks","James Tehodorakakas"
"<b>Interviewee:</b> NA<br><b>Interviewer:</b> Frances Harris","Greeks in Willmington"
"<b>Interviewee:</b> Nick Poulas<br><b>Interviewer:</b> Frances Harris","Nick Poulas"
"<b>Interviewee:</b> Zacharias Mavrikis<br><b>Interviewer:</b> Mrs. George Peschau","Famous Greek Americans"
"<b>Interviewee:</b> Nickolas Costello<br><b>Interviewer:</b> Lucille Edwards","Nickolas and Tassie Costello"
"<b>Interviewee:</b> Tony Mavronickolas<br><b>Interviewer:</b> Lucille Edwards","Tony and Gus Mavronickolas"
"<b>Interviewee:</b> Alexander Beztios<br><b>Interviewer:</b> Frances Harris","Teacher and Waiter"
"<b>Interviewee:</b> Jimmy Patellos<br><b>Interviewer:</b> Maurice Haskett","Unavailable"
"<b>Interviewee:</b> Nickolas Patellos<br><b>Interviewer:</b> Mrs. George Peschau","Nickolas Patellos"
"<b>Interviewee:</b> Mrs. Pete Patellos<br><b>Interviewer:</b> Mrs. George Peschau","Mrs. Pete Patellos"
"<b>Interviewee:</b> Anastasia Ponoa<br><b>Interviewer:</b> Grayson Peschau","John and Anastasia Ponos"
"<b>Interviewee:</b> Antonios Roondos<br><b>Interviewer:</b> Grayson Peschau","Antonios Roondos"
"<b>Interviewee:</b> Zacharias Mavrikis<br><b>Interviewer:</b> NA","Zacharias Mavikis: A Greek of Wilmington, North Carolina"
"<b>Interviewee:</b> George Gallins<br><b>Interviewer:</b> Sidney F. Jones","The Greeks in Winston-Salem"
"<b>Interviewee:</b> L. M. Mitchell<br><b>Interviewer:</b> F. Donald Atwell","Small Town Doctor"
"<b>Interviewee:</b> H. L. Harper<br><b>Interviewer:</b> F. Donald Atwell","The Man Who Was"
"<b>Interviewee:</b> Mrs. John W. Conder<br><b>Interviewer:</b> F. Donald Atwell","Registered Nurse"
"<b>Interviewee:</b> Arthur B. Owens<br><b>Interviewer:</b> F. Donald Atwell","Beef Stew"
"<b>Interviewee:</b> W. T. J. Lever<br><b>Interviewer:</b> L. E. Cogburn","A Community Man"
"<b>Interviewee:</b> W. D. Strange<br><b>Interviewer:</b> L. E. Cogburn","Better a Tent than a Mortgage"
"<b>Interviewee:</b> George Tanner<br><b>Interviewer:</b> Annie Ruth Davis","Tom Bird"
"<b>Interviewee:</b> Agnes Harrell<br><b>Interviewer:</b> Annie Ruth Davis","Agnes Harrell"
"<b>Interviewee:</b> Berkeley Grice<br><b>Interviewer:</b> Annie Ruth Davis","The Back-Date Buggy"
"<b>Interviewee:</b> Wilbur White<br><b>Interviewer:</b> Annie Ruth Davis","Wilbur White"
"<b>Interviewee:</b> Wilbur White<br><b>Interviewer:</b> Annie Ruth Davis","Tenant to Taxpayer (another version of above interview)"
"<b>Interviewee:</b> Jennie Isabel Coleman<br><b>Interviewer:</b> W. W. Dixon","Mrs. Jennie Isabel Coleman"
"<b>Interviewee:</b> Sam T. Clowney<br><b>Interviewer:</b> W. W. Dixon","From Farming to Politics"
"<b>Interviewee:</b> Walter L. Holley<br><b>Interviewer:</b> W. W. Dixon","Judge Walter L. Holley"
"<b>Interviewee:</b> Oliver Johnson<br><b>Interviewer:</b> W. W. Dixon","Oliver Johnson, D. D."
"<b>Interviewee:</b> Alexander W. Matheson<br><b>Interviewer:</b> W. W. Dixon","Alexander W. Matheson"
"<b>Interviewee:</b> James Grigsby<br><b>Interviewer:</b> John L. Dove","Flowing On"
"<b>Interviewee:</b> Jim Kelley<br><b>Interviewer:</b> John L. Dove","The Clouds Beyond"
"<b>Interviewee:</b> Jim Kelley<br><b>Interviewer:</b> John L. Dove","A Tie That Bound (another version of above interview)"
"<b>Interviewee:</b> Emanual Schumpert<br><b>Interviewer:</b> John L. Dove","Windmill Orchard"
"<b>Interviewee:</b> Emanual Schumpert<br><b>Interviewer:</b> John L. Dove","He and the Old Woman (another version of above interview)"
"<b>Interviewee:</b> J. Thomas Netz<br><b>Interviewer:</b> John L. Dove","Always Agin It"
"<b>Interviewee:</b> B. R. Thomas<br><b>Interviewer:</b> John L. Dove","Fighting Ben"
"<b>Interviewee:</b> Sally Raines<br><b>Interviewer:</b> John P. Farmer","Aunt Sally Raines"
"<b>Interviewee:</b> Anonymous<br><b>Interviewer:</b> John P. Farmer","How Grady Weldon Came to Be in the Insurance Adjusting Business"
"<b>Interviewee:</b> Carrie B. R. Dunlap<br><b>Interviewer:</b> Lucile Clarke Ford","Living on the Richards' Farm"
"<b>Interviewee:</b> Carrie Johnson<br><b>Interviewer:</b> Lucile Clarke Ford","In-Laws and T.B.'s"
"<b>Interviewee:</b> Tally Smith<br><b>Interviewer:</b> Lucile Clarke Ford","An Evening in the Smith Home"
"<b>Interviewee:</b> Jules Collins<br><b>Interviewer:</b> Ruth D. Henderson","The Collins Family"
"<b>Interviewee:</b> Ned Harvin<br><b>Interviewer:</b> Mattie T. Jones","Did He Love Adventure?"
"<b>Interviewee:</b> Fannie Miles<br><b>Interviewer:</b> Mattie T. Jones","No, I'm Not Lonesome"
"<b>Interviewee:</b> Rob Pagett<br><b>Interviewer:</b> Mattie T. Jones","A Day With the Pattons"
"<b>Interviewee:</b> Rob Pagett<br><b>Interviewer:</b> Mattie T. Jones","The Greatest of These is Charity (another version of above interview)"
"<b>Interviewee:</b> T. A. Snyder<br><b>Interviewer:</b> Mattie T. Jones","Daring the Devil"
"<b>Interviewee:</b> T. A. Snyder<br><b>Interviewer:</b> Mattie T. Jones","A Happy Family (another version of above interview)"
"<b>Interviewee:</b> Madaline Allan<br><b>Interviewer:</b> Muriel A. Mann","Mamie Brown, Librarian"
"<b>Interviewee:</b> Mrs. Roe Remington<br><b>Interviewer:</b> Muriel A. Mann","The Hardy Family"
"<b>Interviewee:</b> Charles Seabrook<br><b>Interviewer:</b> Chalmers S. Murray","WPA Road."
"<b>Interviewee:</b> Mrs. Walter W. Herbert<br><b>Interviewer:</b> Muriel A. Mann","Mrs. Martin, Public Health Nurse"
"<b>Interviewee:</b> Maulsey Stoney<br><b>Interviewer:</b> Chalmers S. Murray","Martha Joint, Occasional Servant"
"<b>Interviewee:</b> Walter N. Hughes<br><b>Interviewer:</b> Stiles M. Scruggs","A Veteran Negro Janitor"
"<b>Interviewee:</b> Walter N. Hughes<br><b>Interviewer:</b> Stiles M. Scruggs","(another version of above interview)"
"<b>Interviewee:</b> Robert Joseph Gantt<br><b>Interviewer:</b> D.A. Russell","Robert Joseph Gantt"
"<b>Interviewee:</b> William Donald Mitchell<br><b>Interviewer:</b> D.A. Russell","William Donald Mitchell"
"<b>Interviewee:</b> Richard E. Brooms<br><b>Interviewer:</b> Stiles M. Scruggs","How Branson's Bulldog Courage Won"
"<b>Interviewee:</b> William M. Perry<br><b>Interviewer:</b> Stiles M. Scruggs","A Merchant Wizard"
"<b>Interviewee:</b> Charles L. Sligh<br><b>Interviewer:</b> Stiles M. Scruggs","Jason C. Nye"
"<b>Interviewee:</b> Charles L. Sligh<br><b>Interviewer:</b> Stiles M. Scruggs","Always Flowers (another version of above interview)"
"<b>Interviewee:</b> Reece N. Wood<br><b>Interviewer:</b> Stiles M. Scruggs","Reece N. Wood"
"<b>Interviewee:</b> Allan Cook<br><b>Interviewer:</b> Helen Shuler","Allan Cook, Farmer"
"<b>Interviewee:</b> W. A. Crede<br><b>Interviewer:</b> Helen Shuler","Living By Faith"
"<b>Interviewee:</b> Delma Todd Culclasure<br><b>Interviewer:</b> Helen Shuler","Delma Todd Culclasure"
"<b>Interviewee:</b> Sarah Taylor<br><b>Interviewer:</b> Helen Shuler","Sallie Spitfire"
"<b>Interviewee:</b> Nick Young<br><b>Interviewer:</b> Helen Shuler","Tricked By Gypsies"
"<b>Interviewee:</b> W. S. McLure<br><b>Interviewer:</b> Caldwell Sims","How Mr. W. S. McLure Came to be in the Real Estate Business"
"<b>Interviewee:</b> Bessie Reed<br><b>Interviewer:</b> Caldwell Sims","Bessie Reed"
"<b>Interviewee:</b> Emma Sanders<br><b>Interviewer:</b> Caldwell Sims","Singin' Praises That's My Life, Lawd"
"<b>Interviewee:</b> Bess Long Wilburn<br><b>Interviewer:</b> Caldwell Sims","I Wouldn't Exchange"
"<b>Interviewee:</b> Lillian Maudlin<br><b>Interviewer:</b> G. Leland Summer","The Clarys"
"<b>Interviewee:</b> Edward Fulmer<br><b>Interviewer:</b> G. Leland Summer","The Edward Fulmers"
"<b>Interviewee:</b> Hattie Hudson<br><b>Interviewer:</b> G. Leland Summer","Mrs. Hattie Hudson"
"<b>Interviewee:</b> Mr. Huffstetler<br><b>Interviewer:</b> G. Leland Summer","The Huffstetlers"
"<b>Interviewee:</b> Elizabeth P. Jackson<br><b>Interviewer:</b> G. Leland Summer","Elizabeth P. Jackson"
"<b>Interviewee:</b> John Harrison Summer<br><b>Interviewer:</b> G. Leland Summer","John Harrison Summer"
"<b>Interviewee:</b> Ned Fort<br><b>Interviewer:</b> Charles A. Von Ohsen","Ben Adams"
"<b>Interviewee:</b> Johnny Haselton<br><b>Interviewer:</b> Charles A. Von Ohsen","A Hell Hole Farmer"
"<b>Interviewee:</b> Gabriel Meyers<br><b>Interviewer:</b> Charles A. Von Ohsen","Gabriel Washington"
"<b>Interviewee:</b> Sam Lewis<br><b>Interviewer:</b> R.V. Williams","Sam Lewis"
"<b>Interviewee:</b> Robert Moultrie<br><b>Interviewer:</b> Margaret Wilkinson","The Street"
"<b>Interviewee:</b> Thomas C. Camak<br><b>Interviewer:</b> W.W. Dixon","Fairfield County Thomas C. Camak (white) 83 Years Old."
"<b>Interviewee:</b> Nina Rabb Castles<br><b>Interviewer:</b> W.W. Dixon","Nina Rabb Castles (white) 80 Years Old."
"<b>Interviewee:</b> Thomas M. Cathcart<br><b>Interviewer:</b> W.W. Dixon","Fairfield County Thomas M. Cathcart (white) 80 Years Old."
"<b>Interviewee:</b> Cynthia M. Coleman<br><b>Interviewer:</b> W.W. Dixon","Fairfield County Cynthia M. Coleman (white) Ridgeway, S.C. 91 Years"
"<b>Interviewee:</b> Elizabeth Vanderville Darby<br><b>Interviewer:</b> W.W. Dixon","Elizabeth Vanderville Darby (white) 84 Years Old."
"<b>Interviewee:</b> Kate Flenniken<br><b>Interviewer:</b> W.W. Dixon","Kate Flenniken (white) 80 Years Old."
"<b>Interviewee:</b> Warren Harvey Flenniken<br><b>Interviewer:</b> W.W. Dixon","Fairfield County Warren Harvey Flenniken (white) 89 Years Old"
"<b>Interviewee:</b> NA<br><b>Interviewer:</b> W.W. Dixon","Unavailable"
"<b>Interviewee:</b> NA<br><b>Interviewer:</b> NA","Unavailable"
"<b>Interviewee:</b> James Henry Yerborough<br><b>Interviewer:</b> W.W. Dixon","Chester County Judge J.H. Yarborough (white) 82 Years Old"
"<b>Interviewee:</b> Alice Buchanan Walker<br><b>Interviewer:</b> W.W. Dixon","Alice Buchanan Walker 82 Years Old. (White)"
"<b>Interviewee:</b> Joseph Stewart<br><b>Interviewer:</b> W.W. Dixon","Josteph Stewart (white) 81 Years Old."
"<b>Interviewee:</b> Samuel B. Lathan<br><b>Interviewer:</b> W.W. Dixon","Dr. Samuel B Lathan 96 Years Old. (white)"
