"http://beta.congress.gov/bill/113th-congress/house-joint-resolution/105","113-HJRES-105: Conferring honorary citizenship of the United States on Bernardo de Galvez y Madrid, Viscount of Galveston and Count of Galvez."
"http://beta.congress.gov/bill/113th-congress/house-joint-resolution/106","113-HJRES-106: Making further continuing appropriations for fiscal year 2014, and for other purposes."
"http://beta.congress.gov/bill/113th-congress/house-joint-resolution/120","113-HJRES-120: Approving the location of a memorial to commemorate the more than 5,000 slaves and free Black persons who fought for independence in the American Revolution."
"http://beta.congress.gov/bill/113th-congress/house-joint-resolution/124","113-HJRES-124: Making continuing appropriations for fiscal year 2015, and for other purposes."
"http://beta.congress.gov/bill/113th-congress/house-joint-resolution/129","113-HJRES-129: Appointing the day for the convening of the first session of the One Hundred Fourteenth Congress."
"http://beta.congress.gov/bill/113th-congress/house-joint-resolution/130","113-HJRES-130: Making further continuing appropriations for fiscal year 2015, and for other purposes."
"http://beta.congress.gov/bill/113th-congress/house-joint-resolution/131","113-HJRES-131: Making further continuing appropriations for fiscal year 2015, and for other purposes."
"http://beta.congress.gov/bill/113th-congress/house-joint-resolution/59","113-HJRES-59: Making continuing appropriations for fiscal year 2014, and for other purposes."
"http://beta.congress.gov/bill/113th-congress/house-joint-resolution/76","113-HJRES-76: A joint resolution making an emergency supplemental appropriation for the fiscal year ending September 30, 2014, to provide funding to Israel for the Iron Dome defense system to counter short-range rocket threats."
"http://beta.congress.gov/bill/113th-congress/house-joint-resolution/91","113-HJRES-91: Making continuing appropriations for death gratuities and related survivor benefits for survivors of deceased military service members of the Department of Defense for fiscal year 2014, and for other purposes."
"http://beta.congress.gov/bill/113th-congress/house-bill/1036","113-HR-1036: To designate the facility of the United States Postal Service located at 103 Center Street West in Eatonville, Washington, as the National Park Ranger Margaret Anderson Post Office."
"http://beta.congress.gov/bill/113th-congress/house-bill/1067","113-HR-1067: To make revisions in title 36, United States Code, as necessary to keep the title current and make technical corrections and improvements."
"http://beta.congress.gov/bill/113th-congress/house-bill/1068","113-HR-1068: To enact title 54, United States Code, National Park Service and Related Programs, as positive law."
"http://beta.congress.gov/bill/113th-congress/house-bill/1071","113-HR-1071: To specify the size of the precious-metal blanks that will be used in the production of the National Baseball Hall of Fame commemorative coins."
"http://beta.congress.gov/bill/113th-congress/house-bill/1092","113-HR-1092: To designate the air route traffic control center located in Nashua, New Hampshire, as the Patricia Clark Boston Air Route Traffic Control Center."
"http://beta.congress.gov/bill/113th-congress/house-bill/1151","113-HR-1151: To direct the Secretary of State to develop a strategy to obtain observer status for Taiwan at the triennial International Civil Aviation Organization Assembly, and for other purposes."
"http://beta.congress.gov/bill/113th-congress/house-bill/1158","113-HR-1158: To direct the Secretary of the Interior to continue stocking fish in certain lakes in the North Cascades National Park, Ross Lake National Recreation Area, and Lake Chelan National Recreation Area."
"http://beta.congress.gov/bill/113th-congress/house-bill/1171","113-HR-1171: To amend title 40, United States Code, to improve veterans service organizations access to Federal surplus personal property."
"http://beta.congress.gov/bill/113th-congress/house-bill/1204","113-HR-1204: To amend title 49, United States Code, to direct the Assistant Secretary of Homeland Security (Transportation Security Administration) to establish an Aviation Security Advisory Committee, and for other purposes."
"http://beta.congress.gov/bill/113th-congress/house-bill/1206","113-HR-1206: To grant the Secretary of the Interior permanent authority to authorize States to issue electronic duck stamps, and for other purposes."
"http://beta.congress.gov/bill/113th-congress/house-bill/1209","113-HR-1209: To award a Congressional Gold Medal to the World War II members of the Doolittle Tokyo Raiders, for outstanding heroism, valor, skill, and service to the United States in conducting the bombings of Tokyo."
"http://beta.congress.gov/bill/113th-congress/house-bill/1216","113-HR-1216: To designate the Department of Veterans Affairs Vet Center in Prescott, Arizona, as the Dr. Cameron McKinley Department of Veterans Affairs Veterans Center."
"http://beta.congress.gov/bill/113th-congress/house-bill/1228","113-HR-1228: To designate the facility of the United States Postal Service located at 123 South 9th Street in De Pere, Wisconsin, as the Corporal Justin D. Ross Post Office Building."
"http://beta.congress.gov/bill/113th-congress/house-bill/1233","113-HR-1233: To amend chapter 22 of title 44, United States Code, popularly known as the Presidential Records Act, to establish procedures for the consideration of claims of constitutionally based privilege against disclosure of Presidential records, and for other purposes."
"http://beta.congress.gov/bill/113th-congress/house-bill/1246","113-HR-1246: To amend the District of Columbia Home Rule Act to provide that the District of Columbia Treasurer or one of the Deputy Chief Financial Officers of the Office of the Chief Financial Officer of the District of Columbia may perform the functions and duties of the Office in an acting capacity if there is a vacancy in the Office."
"http://beta.congress.gov/bill/113th-congress/house-bill/1281","113-HR-1281: To amend the Public Health Service Act to reauthorize programs under part A of title XI of such Act."
"http://beta.congress.gov/bill/113th-congress/house-bill/1344","113-HR-1344: To amend title 49, United States Code, to direct the Assistant Secretary of Homeland Security (Transportation Security Administration) to provide expedited air passenger screening to severely injured or disabled members of the Armed Forces and severely injured or disabled veterans, and for other purposes."
"http://beta.congress.gov/bill/113th-congress/house-bill/1376","113-HR-1376: To designate the facility of the United States Postal Service located at 369 Martin Luther King Jr. Drive in Jersey City, New Jersey, as the Judge Shirley A. Tolentino Post Office Building."
"http://beta.congress.gov/bill/113th-congress/house-bill/1378","113-HR-1378: To designate the United States Federal Judicial Center located at 333 West Broadway in San Diego, California, as the John Rhoades Federal Judicial Center and to designate the United States courthouse located at 333 West Broadway in San Diego, California, as the James M. Carter and Judith N. Keep United States Courthouse."
"http://beta.congress.gov/bill/113th-congress/house-bill/1391","113-HR-1391: To designate the facility of the United States Postal Service located at 25 South Oak Street in London, Ohio, as the London Fallen Veterans Memorial Post Office."
"http://beta.congress.gov/bill/113th-congress/house-bill/1402","113-HR-1402: To amend title 38, United States Code, to extend certain expiring provisions of law, and for other purposes."
"http://beta.congress.gov/bill/113th-congress/house-bill/1412","113-HR-1412: A bill to amend title 38, United States Code, to extend certain expiring authorities affecting veterans and their families, and for other purposes."
"http://beta.congress.gov/bill/113th-congress/house-bill/1447","113-HR-1447: To encourage States to report to the Attorney General certain information regarding the deaths of individuals in the custody of law enforcement agencies, and for other purposes."
"http://beta.congress.gov/bill/113th-congress/house-bill/1451","113-HR-1451: To designate the facility of the United States Postal Service located at 14 Main Street in Brockport, New York, as the Staff Sergeant Nicholas J. Reid Post Office Building."
"http://beta.congress.gov/bill/113th-congress/house-bill/152","113-HR-152: Making supplemental appropriations for the fiscal year ending September 30, 2013, to improve and streamline disaster assistance for Hurricane Sandy, and for other purposes."
"http://beta.congress.gov/bill/113th-congress/house-bill/1528","113-HR-1528: To amend the Controlled Substances Act to allow a veterinarian to transport and dispense controlled substances in the usual course of veterinary practice outside of the registered location."
"http://beta.congress.gov/bill/113th-congress/house-bill/1671","113-HR-1671: To designate the facility of the United States Postal Service located at 6937 Village Parkway in Dublin, California, as the James Jim Kohnen Post Office."
"http://beta.congress.gov/bill/113th-congress/house-bill/1707","113-HR-1707: To designate the facility of the United States Postal Service located at 302 East Green Street in Champaign, Illinois, as the James R. Burgess Jr. Post Office Building."
"http://beta.congress.gov/bill/113th-congress/house-bill/1726","113-HR-1726: To award a Congressional Gold Medal to the 65th Infantry Regiment, known as the Borinqueneers."
"http://beta.congress.gov/bill/113th-congress/house-bill/1765","113-HR-1765: To provide the Secretary of Transportation with the flexibility to transfer certain funds to prevent reduced operations and staffing of the Federal Aviation Administration, and for other purposes."
"http://beta.congress.gov/bill/113th-congress/house-bill/1813","113-HR-1813: To redesignate the facility of the United States Postal Service located at 162 Northeast Avenue in Tallmadge, Ohio, as the Lance Corporal Daniel Nathan Deyarmin, Jr., Post Office Building."
"http://beta.congress.gov/bill/113th-congress/house-bill/1848","113-HR-1848: To ensure that the Federal Aviation Administration advances the safety of small airplanes, and the continued development of the general aviation industry, and for other purposes."
"http://beta.congress.gov/bill/113th-congress/house-bill/185","113-HR-185: To designate the United States courthouse located at 101 East Pecan Street in Sherman, Texas, as the Paul Brown United States Courthouse."
"http://beta.congress.gov/bill/113th-congress/house-bill/1911","113-HR-1911: To amend the Higher Education Act of 1965 to establish interest rates for new loans made on or after July 1, 2013, to direct the Secretary of Education to convene the Advisory Committee on Improving Postsecondary Education Data to conduct a study on improvements to postsecondary education transparency at the Federal level, and for other purposes."
"http://beta.congress.gov/bill/113th-congress/house-bill/2019","113-HR-2019: To eliminate taxpayer financing of political party conventions and reprogram savings to provide for a 10-year pediatric research initiative through the Common Fund administered by the National Institutes of Health, and for other purposes."
"http://beta.congress.gov/bill/113th-congress/house-bill/2094","113-HR-2094: To amend the Public Health Service Act to increase the preference given, in awarding certain asthma-related grants, to certain States (those allowing trained school personnel to administer epinephrine and meeting other related requirements)."
"http://beta.congress.gov/bill/113th-congress/house-bill/2112","113-HR-2112: To designate the facility of the United States Postal Service located at 787 State Route 17M in Monroe, New York, as the National Clandestine Service of the Central Intelligence Agency NCS Officer Gregg David Wenzel Memorial Post Office."
"http://beta.congress.gov/bill/113th-congress/house-bill/2167","113-HR-2167: To authorize the Secretary of Housing and Urban Development to establish additional requirements to improve the fiscal safety and soundness of the home equity conversion mortgage insurance program."
"http://beta.congress.gov/bill/113th-congress/house-bill/2203","113-HR-2203: To provide for the award of a gold medal on behalf of Congress to Jack Nicklaus, in recognition of his service to the Nation in promoting excellence, good sportsmanship, and philanthropy."
"http://beta.congress.gov/bill/113th-congress/house-bill/2223","113-HR-2223: To designate the facility of the United States Postal Service located at 220 Elm Avenue in Munising, Michigan, as the Elizabeth L. Kinnunen Post Office Building."
"http://beta.congress.gov/bill/113th-congress/house-bill/2251","113-HR-2251: To designate the United States courthouse and Federal building located at 118 South Mill Street, in Fergus Falls, Minnesota, as the Edward J. Devitt United States Courthouse and Federal Building.."
"http://beta.congress.gov/bill/113th-congress/house-bill/2289","113-HR-2289: To rename section 219(c) of the Internal Revenue Code of 1986 as the Kay Bailey Hutchison Spousal IRA."
"http://beta.congress.gov/bill/113th-congress/house-bill/2291","113-HR-2291: To designate the facility of the United States Postal Service located at 450 Lexington Avenue in New York, New York, as the Vincent R. Sombrotto Post Office."
"http://beta.congress.gov/bill/113th-congress/house-bill/2319","113-HR-2319: To clarify certain provisions of the Native American Veterans Memorial Establishment Act of 1994."
"http://beta.congress.gov/bill/113th-congress/house-bill/2337","113-HR-2337: To provide for the conveyance of the Forest Service Lake Hill Administrative Site in Summit County, Colorado."
"http://beta.congress.gov/bill/113th-congress/house-bill/2366","113-HR-2366: To require the Secretary of the Treasury to mint coins in commemoration of the centennial of World War I."
"http://beta.congress.gov/bill/113th-congress/house-bill/2383","113-HR-2383: To designate the new Interstate Route 70 bridge over the Mississippi River connecting St. Louis, Missouri, and southwestern Illinois as the Stan Musial Veterans Memorial Bridge."
"http://beta.congress.gov/bill/113th-congress/house-bill/2388","113-HR-2388: To take certain Federal lands located in El Dorado County, California, into trust for the benefit of the Shingle Springs Band of Miwok Indians, and for other purposes."
"http://beta.congress.gov/bill/113th-congress/house-bill/2391","113-HR-2391: To designate the facility of the United States Postal Service located at 5323 Highway N in Cottleville, Missouri as the Lance Corporal Phillip Vinnedge Post Office."
"http://beta.congress.gov/bill/113th-congress/house-bill/2431","113-HR-2431: To reauthorize the National Integrated Drought Information System."
"http://beta.congress.gov/bill/113th-congress/house-bill/251","113-HR-251: To direct the Secretary of the Interior to convey certain Federal features of the electric distribution system to the South Utah Valley Electric Service District, and for other purposes."
"http://beta.congress.gov/bill/113th-congress/house-bill/254","113-HR-254: To authorize the Secretary of the Interior to facilitate the development of hydroelectric power on the Diamond Fork System of the Central Utah Project."
"http://beta.congress.gov/bill/113th-congress/house-bill/255","113-HR-255: To amend certain definitions contained in the Provo River Project Transfer Act for purposes of clarifying certain property descriptions, and for other purposes."
"http://beta.congress.gov/bill/113th-congress/house-bill/2576","113-HR-2576: To amend title 49, United States Code, to modify requirements relating to the availability of pipeline safety regulatory documents, and for other purposes."
"http://beta.congress.gov/bill/113th-congress/house-bill/258","113-HR-258: To amend title 18, United States Code, with respect to fraudulent representations about having received military decorations or medals."
"http://beta.congress.gov/bill/113th-congress/house-bill/2591","113-HR-2591: To amend certain provisions of the FAA Modernization and Reform Act of 2012."
"http://beta.congress.gov/bill/113th-congress/house-bill/2600","113-HR-2600: To amend the Interstate Land Sales Full Disclosure Act to clarify how the Act applies to condominiums."
"http://beta.congress.gov/bill/113th-congress/house-bill/2611","113-HR-2611: To designate the headquarters building of the Coast Guard on the campus located at 2701 Martin Luther King, Jr., Avenue Southeast in the District of Columbia as the Douglas A. Munro Coast Guard Headquarters Building, and for other purposes."
"http://beta.congress.gov/bill/113th-congress/house-bill/2640","113-HR-2640: To amend the Wild and Scenic Rivers Act to adjust the Crooked River boundary, to provide water certainty for the City of Prineville, Oregon, and for other purposes."
"http://beta.congress.gov/bill/113th-congress/house-bill/2642","113-HR-2642: To provide for the reform and continuation of agricultural and other programs of the Department of Agriculture through fiscal year 2018, and for other purposes."
"http://beta.congress.gov/bill/113th-congress/house-bill/2650","113-HR-2650: To allow the Fond du Lac Band of Lake Superior Chippewa in the State of Minnesota to lease or transfer certain land."
"http://beta.congress.gov/bill/113th-congress/house-bill/267","113-HR-267: To improve hydropower, and for other purposes."
"http://beta.congress.gov/bill/113th-congress/house-bill/2678","113-HR-2678: To designate the facility of the United States Postal Service located at 10360 Southwest 186th Street in Miami, Florida, as the Larcenia J. Bullard Post Office Building."
"http://beta.congress.gov/bill/113th-congress/house-bill/2719","113-HR-2719: To require the Transportation Security Administration to implement best practices and improve transparency with regard to technology acquisition programs, and for other purposes."
"http://beta.congress.gov/bill/113th-congress/house-bill/272","113-HR-272: To designate the Department of Veterans Affairs and Department of Defense joint outpatient clinic to be constructed in Marina, California, as the Major General William H. Gourley VA-DOD Outpatient Clinic."
"http://beta.congress.gov/bill/113th-congress/house-bill/2747","113-HR-2747: To amend title 40, United States Code, to transfer certain functions from the Government Accountability Office to the Department of Labor relating to the processing of claims for the payment of workers who were not paid appropriate wages under certain provisions of such title."
"http://beta.congress.gov/bill/113th-congress/house-bill/2754","113-HR-2754: To amend the Hobby Protection Act to make unlawful the provision of assistance or support in violation of that Act, and for other purposes."
"http://beta.congress.gov/bill/113th-congress/house-bill/2775","113-HR-2775: An act making continuing appropriations for the fiscal year ending September 30, 2014, and for other purposes."
"http://beta.congress.gov/bill/113th-congress/house-bill/2860","113-HR-2860: To amend title 5, United States Code, to provide that the Inspector General of the Office of Personnel Management may use amounts in the revolving fund of the Office to fund audits, investigations, and oversight activities, and for other purposes."
"http://beta.congress.gov/bill/113th-congress/house-bill/2871","113-HR-2871: To amend title 28, United States Code, to modify the composition of the southern judicial district of Mississippi to improve judicial efficiency, and for other purposes."
"http://beta.congress.gov/bill/113th-congress/house-bill/2901","113-HR-2901: To strengthen implementation of the Senator Paul Simon Water for the Poor Act of 2005 by improving the capacity of the United States Government to implement, leverage, and monitor and evaluate programs to provide first-time or improved access to safe drinking water, sanitation, and hygiene to the worlds poorest on an equitable and sustainable basis, and for other purposes."
"http://beta.congress.gov/bill/113th-congress/house-bill/291","113-HR-291: To provide for the conveyance of certain cemeteries that are located on National Forest System land in Black Hills National Forest, South Dakota."
"http://beta.congress.gov/bill/113th-congress/house-bill/2922","113-HR-2922: To extend the authority of the Supreme Court Police to protect court officials away from the Supreme Court grounds."
"http://beta.congress.gov/bill/113th-congress/house-bill/2939","113-HR-2939: To award the Congressional Gold Medal to Shimon Peres."
"http://beta.congress.gov/bill/113th-congress/house-bill/2952","113-HR-2952: An act to require the Secretary of Homeland Security to assess the cybersecurity workforce of the Department of Homeland Security and develop a comprehensive workforce strategy, and for other purposes."
"http://beta.congress.gov/bill/113th-congress/house-bill/3027","113-HR-3027: To designate the facility of the United States Postal Service located at 442 Miller Valley Road in Prescott, Arizona, as the Barry M. Goldwater Post Office."
"http://beta.congress.gov/bill/113th-congress/house-bill/3043","113-HR-3043: To amend the Internal Revenue Code of 1986 to clarify the treatment of general welfare benefits provided by Indian tribes."
"http://beta.congress.gov/bill/113th-congress/house-bill/3044","113-HR-3044: To approve the transfer of Yellow Creek Port properties in Iuka, Mississippi."
"http://beta.congress.gov/bill/113th-congress/house-bill/3060","113-HR-3060: To designate the facility of the United States Postal Service located at 232 Southwest Johnson Avenue in Burleson, Texas, as the Sergeant William Moody Post Office Building."
"http://beta.congress.gov/bill/113th-congress/house-bill/307","113-HR-307: To reauthorize certain programs under the Public Health Service Act and the Federal Food, Drug, and Cosmetic Act with respect to public health security and all-hazards preparedness and response, and for other purposes."
"http://beta.congress.gov/bill/113th-congress/house-bill/3080","113-HR-3080: To provide for improvements to the rivers and harbors of the United States, to provide for the conservation and development of water and related resources, and for other purposes."
"http://beta.congress.gov/bill/113th-congress/house-bill/3085","113-HR-3085: To designate the facility of the United States Postal Service located at 3349 West 111th Street in Chicago, Illinois, as the Captain Herbert Johnson Memorial Post Office Building."
"http://beta.congress.gov/bill/113th-congress/house-bill/3092","113-HR-3092: To amend the Missing Childrens Assistance Act, and for other purposes."
"http://beta.congress.gov/bill/113th-congress/house-bill/3095","113-HR-3095: To ensure that any new or revised requirement providing for the screening, testing, or treatment of individuals operating commercial motor vehicles for sleep disorders is adopted pursuant to a rulemaking proceeding, and for other purposes."
"http://beta.congress.gov/bill/113th-congress/house-bill/3096","113-HR-3096: To designate the building occupied by the Federal Bureau of Investigation located at 801 Follin Lane, Vienna, Virginia, as the Michael D. Resnick Terrorist Screening Center."
"http://beta.congress.gov/bill/113th-congress/house-bill/3110","113-HR-3110: To allow for the harvest of gull eggs by the Huna Tlingit people within Glacier Bay National Park in the State of Alaska."
"http://beta.congress.gov/bill/113th-congress/house-bill/316","113-HR-316: To reinstate and transfer certain hydroelectric licenses and extend the deadline for commencement of construction of certain hydroelectric projects."
"http://beta.congress.gov/bill/113th-congress/house-bill/3190","113-HR-3190: To provide for the continued performance of the functions of the United States Parole Commission, and for other purposes."
"http://beta.congress.gov/bill/113th-congress/house-bill/3204","113-HR-3204: To amend the Federal Food, Drug, and Cosmetic Act with respect to human drug compounding and drug supply chain security, and for other purposes."
"http://beta.congress.gov/bill/113th-congress/house-bill/3210","113-HR-3210: Making continuing appropriations for military pay in the event of a Government shutdown."
"http://beta.congress.gov/bill/113th-congress/house-bill/3212","113-HR-3212: To ensure compliance with the 1980 Hague Convention on the Civil Aspects of International Child Abduction by countries with which the United States enjoys reciprocal obligations, to establish procedures for the prompt return of children abducted to other countries, and for other purposes."
"http://beta.congress.gov/bill/113th-congress/house-bill/3230","113-HR-3230: To improve the access of veterans to medical services from the Department of Veterans Affairs, and for other purposes."
"http://beta.congress.gov/bill/113th-congress/house-bill/3233","113-HR-3233: To extend the period during which Iraqis who were employed by the United States Government in Iraq may be granted special immigrant status and to temporarily increase the fee or surcharge for processing machine-readable nonimmigrant visas."
"http://beta.congress.gov/bill/113th-congress/house-bill/324","113-HR-324: To grant the Congressional Gold Medal, collectively, to the First Special Service Force, in recognition of its superior service during World War II."
"http://beta.congress.gov/bill/113th-congress/house-bill/325","113-HR-325: To ensure the complete and timely payment of the obligations of the United States Government until May 19, 2013, and for other purposes."
"http://beta.congress.gov/bill/113th-congress/house-bill/330","113-HR-330: To designate a Distinguished Flying Cross National Memorial at the March Field Air Museum in Riverside, California."
"http://beta.congress.gov/bill/113th-congress/house-bill/3302","113-HR-3302: To name the Department of Veterans Affairs medical center in Bay Pines, Florida, as the C.W. Bill Young Department of Veterans Affairs Medical Center."
"http://beta.congress.gov/bill/113th-congress/house-bill/3304","113-HR-3304: An act to authorize the President to award the Medal of Honor to Bennie G. Adkins and Donald P. Sloat of the United States Army for acts of valor during the Vietnam Conflict and to authorize the award of the Medal of Honor to certain other veterans who were previously recommended for award of the Medal of Honor."
"http://beta.congress.gov/bill/113th-congress/house-bill/3329","113-HR-3329: To enhance the ability of community financial institutions to foster economic growth and serve their communities, boost small businesses, increase individual savings, and for other purposes."
"http://beta.congress.gov/bill/113th-congress/house-bill/3343","113-HR-3343: To amend the District of Columbia Home Rule Act to clarify the rules regarding the determination of the compensation of the Chief Financial Officer of the District of Columbia."
"http://beta.congress.gov/bill/113th-congress/house-bill/3370","113-HR-3370: To delay the implementation of certain provisions of the Biggert-Waters Flood Insurance Reform Act of 2012, and for other purposes."
"http://beta.congress.gov/bill/113th-congress/house-bill/3374","113-HR-3374: To provide for the use of savings promotion raffle products by financial institutions to encourage savings, and for other purposes."
"http://beta.congress.gov/bill/113th-congress/house-bill/3375","113-HR-3375: To designate the community-based outpatient clinic of the Department of Veterans Affairs to be constructed at 3141 Centennial Boulevard, Colorado Springs, Colorado, as the PFC Floyd K. Lindstrom Department of Veterans Affairs Clinic."
"http://beta.congress.gov/bill/113th-congress/house-bill/3458","113-HR-3458: To treat payments by charitable organizations with respect to certain firefighters as exempt payments."
"http://beta.congress.gov/bill/113th-congress/house-bill/3468","113-HR-3468: To amend the Federal Credit Union Act to extend insurance coverage to amounts held in a member account on behalf of another person, and for other purposes."
"http://beta.congress.gov/bill/113th-congress/house-bill/3472","113-HR-3472: To designate the facility of the United States Postal Service located at 13127 Broadway Street in Alden, New York, as the Sergeant Brett E. Gornewicz Memorial Post Office."
"http://beta.congress.gov/bill/113th-congress/house-bill/3487","113-HR-3487: To amend the Federal Election Campaign Act to extend through 2018 the authority of the Federal Election Commission to impose civil money penalties on the basis of a schedule of penalties established and published by the Commission, to expand such authority to certain other violations, and for other purposes."
"http://beta.congress.gov/bill/113th-congress/house-bill/3527","113-HR-3527: To amend the Public Health Service Act to reauthorize the poison center national toll-free number, national media campaign, and grant program, and for other purposes."
"http://beta.congress.gov/bill/113th-congress/house-bill/3534","113-HR-3534: To designate the facility of the United States Postal Service located at 113 West Michigan Avenue in Jackson, Michigan, as the Officer James Bonneau Memorial Post Office."
"http://beta.congress.gov/bill/113th-congress/house-bill/3547","113-HR-3547: An act making consolidated appropriations for the fiscal year ending September 30, 2014, and for other purposes."
"http://beta.congress.gov/bill/113th-congress/house-bill/3548","113-HR-3548: To amend title XII of the Public Health Service Act to expand the definition of trauma to include thermal, electrical, chemical, radioactive, and other extrinsic agents."
"http://beta.congress.gov/bill/113th-congress/house-bill/356","113-HR-356: To clarify authority granted under the Act entitled An Act to define the exterior boundary of the Uintah and Ouray Indian Reservation in the State of Utah, and for other purposes."
"http://beta.congress.gov/bill/113th-congress/house-bill/3572","113-HR-3572: To revise the boundaries of certain John H. Chafee Coastal Barrier Resources System units."
"http://beta.congress.gov/bill/113th-congress/house-bill/3588","113-HR-3588: To amend the Safe Drinking Water Act to exempt fire hydrants from the prohibition on the use of lead pipes, fittings, fixtures, solder, and flux."
"http://beta.congress.gov/bill/113th-congress/house-bill/360","113-HR-360: To award posthumously a Congressional Gold Medal to Addie Mae Collins, Denise McNair, Carole Robertson, and Cynthia Wesley to commemorate the lives they lost 50 years ago in the bombing of the Sixteenth Street Baptist Church, where these 4 little Black girls ultimate sacrifice served as a catalyst for the Civil Rights Movement."
"http://beta.congress.gov/bill/113th-congress/house-bill/3608","113-HR-3608: To amend the Act of October 19, 1973, concerning taxable income to members of the Grand Portage Band of Lake Superior Chippewa Indians."
"http://beta.congress.gov/bill/113th-congress/house-bill/3626","113-HR-3626: To extend the Undetectable Firearms Act of 1988 for 10 years."
"http://beta.congress.gov/bill/113th-congress/house-bill/3627","113-HR-3627: To require the Attorney General to report on State law penalties for certain child abusers, and for other purposes."
"http://beta.congress.gov/bill/113th-congress/house-bill/3658","113-HR-3658: To grant the Congressional Gold Medal, collectively, to the Monuments Men, in recognition of their heroic role in the preservation, protection, and restitution of monuments, works of art, and artifacts of cultural importance during and following World War II."
"http://beta.congress.gov/bill/113th-congress/house-bill/3682","113-HR-3682: To designate the community based outpatient clinic of the Department of Veterans Affairs located at 1961 Premier Drive in Mankato, Minnesota, as the Lyle C. Pearson Community Based Outpatient Clinic."
"http://beta.congress.gov/bill/113th-congress/house-bill/3716","113-HR-3716: To ratify a water settlement agreement affecting the Pyramid Lake Paiute Tribe, and for other purposes."
"http://beta.congress.gov/bill/113th-congress/house-bill/3765","113-HR-3765: To designate the facility of the United States Postal Service located at 198 Baker Street in Corning, New York, as the Specialist Ryan P. Jayne Post Office Building."
"http://beta.congress.gov/bill/113th-congress/house-bill/3771","113-HR-3771: To accelerate the income tax benefits for charitable cash contributions for the relief of victims of the Typhoon Haiyan in the Philippines."
"http://beta.congress.gov/bill/113th-congress/house-bill/3957","113-HR-3957: To designate the facility of the United States Postal Service located at 218-10 Merrick Boulevard in Springfield Gardens, New York, as the Cynthia Jenkins Post Office Building."
"http://beta.congress.gov/bill/113th-congress/house-bill/3979","113-HR-3979: To authorize appropriations for fiscal year 2015 for military activities of the Department of Defense, for military construction, and for defense activities of the Department of Energy, to prescribe military personnel strengths for such fiscal year, and for other purposes."
"http://beta.congress.gov/bill/113th-congress/house-bill/4007","113-HR-4007: To recodify and reauthorize the Chemical Facility Anti-Terrorism Standards Program."
"http://beta.congress.gov/bill/113th-congress/house-bill/4028","113-HR-4028: To amend the International Religious Freedom Act of 1998 to include the desecration of cemeteries among the many forms of violations of the right to religious freedom."
"http://beta.congress.gov/bill/113th-congress/house-bill/4030","113-HR-4030: To designate the facility of the United States Postal Service located at 18640 NW 2nd Avenue in Miami, Florida, as the Father Richard Marquess-Barry Post Office Building."
"http://beta.congress.gov/bill/113th-congress/house-bill/4032","113-HR-4032: To exempt from Lacey Act Amendments of 1981 certain water transfers by the North Texas Municipal Water District and the Greater Texoma Utility Authority, and for other purposes."
"http://beta.congress.gov/bill/113th-congress/house-bill/4067","113-HR-4067: To provide for the extension of the enforcement instruction on supervision requirements for outpatient therapeutic services in critical access and small rural hospitals through 2014."
"http://beta.congress.gov/bill/113th-congress/house-bill/4076","113-HR-4076: To address shortages and interruptions in the availability of propane and other home heating fuels in the United States, and for other purposes."
"http://beta.congress.gov/bill/113th-congress/house-bill/41","113-HR-41: To temporarily increase the borrowing authority of the Federal Emergency Management Agency for carrying out the National Flood Insurance Program."
"http://beta.congress.gov/bill/113th-congress/house-bill/4120","113-HR-4120: To amend the National Law Enforcement Museum Act to extend the termination date."
"http://beta.congress.gov/bill/113th-congress/house-bill/4152","113-HR-4152: To provide for the costs of loan guarantees for Ukraine."
"http://beta.congress.gov/bill/113th-congress/house-bill/4189","113-HR-4189: To designate the facility of the United States Postal Service located at 4000 Leap Road in Hilliard, Ohio, as the Master Sergeant Shawn T. Hannon, Master Sergeant Jeffrey J. Rieck and Veterans Memorial Post Office Building."
"http://beta.congress.gov/bill/113th-congress/house-bill/4192","113-HR-4192: To amend the Act entitled An Act to regulate the height of buildings in the District of Columbia to clarify the rules of the District of Columbia regarding human occupancy of penthouses above the top story of the building upon which the penthouse is placed."
"http://beta.congress.gov/bill/113th-congress/house-bill/4193","113-HR-4193: To amend title 5, United States Code, to change the default investment fund under the Thrift Savings Plan, and for other purposes."
"http://beta.congress.gov/bill/113th-congress/house-bill/4194","113-HR-4194: To provide for the elimination or modification of Federal reporting requirements."
"http://beta.congress.gov/bill/113th-congress/house-bill/4197","113-HR-4197: To amend title 5, United States Code, to extend the period of certain authority with respect to judicial review of Merit Systems Protection Board decisions relating to whistleblowers, and for other purposes."
"http://beta.congress.gov/bill/113th-congress/house-bill/4199","113-HR-4199: To name the Department of Veterans Affairs medical center in Waco, Texas, as the Doris Miller Department of Veterans Affairs Medical Center."
"http://beta.congress.gov/bill/113th-congress/house-bill/4275","113-HR-4275: To amend the Employee Retirement Income Security Act of 1974 and the Internal Revenue Code of 1986 to provide for cooperative and small employer charity pension plans."
"http://beta.congress.gov/bill/113th-congress/house-bill/4276","113-HR-4276: To extend and modify a pilot program on assisted living services for veterans with traumatic brain injury."
"http://beta.congress.gov/bill/113th-congress/house-bill/43","113-HR-43: To designate the facility of the United States Postal Service located at 14 Red River Avenue North in Cold Spring, Minnesota, as the Officer Tommy Decker Memorial Post Office."
"http://beta.congress.gov/bill/113th-congress/house-bill/4302","113-HR-4302: To amend the Social Security Act to extend Medicare payments to physicians and other provisions of the Medicare and Medicaid programs, and for other purposes."
"http://beta.congress.gov/bill/113th-congress/house-bill/4323","113-HR-4323: To reauthorize programs authorized under the Debbie Smith Act of 2004, and for other purposes."
"http://beta.congress.gov/bill/113th-congress/house-bill/4360","113-HR-4360: To designate the facility of the United States Forest Service for the Grandfather Ranger District located at 109 Lawing Drive in Nebo, North Carolina, as the Jason Crisp Forest Service Building."
"http://beta.congress.gov/bill/113th-congress/house-bill/4386","113-HR-4386: To allow the Secretary of the Treasury to rely on State examinations for certain financial institutions, and for other purposes."
"http://beta.congress.gov/bill/113th-congress/house-bill/4416","113-HR-4416: To redesignate the facility of the United States Postal Service located at 161 Live Oak Street in Miami, Arizona, as the Staff Sergeant Manuel V. Mendoza Post Office Building."
"http://beta.congress.gov/bill/113th-congress/house-bill/4443","113-HR-4443: To designate the facility of the United States Postal Service located at 90 Vermilyea Avenue, in New York, New York, as the Corporal Juan Mariel Alcantara Post Office Building."
"http://beta.congress.gov/bill/113th-congress/house-bill/4488","113-HR-4488: To make technical corrections to two bills enabling the presentation of congressional gold medals, and for other purposes."
"http://beta.congress.gov/bill/113th-congress/house-bill/451","113-HR-451: To designate the facility of the United States Postal Service located at 500 North Brevard Avenue in Cocoa Beach, Florida, as the Richard K. Salick Post Office."
"http://beta.congress.gov/bill/113th-congress/house-bill/4631","113-HR-4631: To reauthorize certain provisions of the Public Health Service Act relating to autism, and for other purposes."
"http://beta.congress.gov/bill/113th-congress/house-bill/4651","113-HR-4651: To designate the facility of the United States Postal Service located at 601 West Baker Road in Baytown, Texas, as the Specialist Keith Erin Grace, Jr. Memorial Post Office."
"http://beta.congress.gov/bill/113th-congress/house-bill/4681","113-HR-4681: To authorize appropriations for fiscal years 2014 and 2015 for intelligence and intelligence-related activities of the United States Government, the Community Management Account, and the Central Intelligence Agency Retirement and Disability System, and for other purposes."
"http://beta.congress.gov/bill/113th-congress/house-bill/475","113-HR-475: To amend the Internal Revenue Code of 1986 to include vaccines against seasonal influenza within the definition of taxable vaccines."
"http://beta.congress.gov/bill/113th-congress/house-bill/4751","113-HR-4751: To make technical corrections to Public Law 110-229 to reflect the renaming of the Bainbridge Island Japanese American Exclusion Memorial, and for other purposes."
"http://beta.congress.gov/bill/113th-congress/house-bill/4771","113-HR-4771: To amend the Controlled Substances Act to more effectively regulate anabolic steroids."
"http://beta.congress.gov/bill/113th-congress/house-bill/4809","113-HR-4809: To reauthorize the Defense Production Act, to improve the Defense Production Act Committee, and for other purposes."
"http://beta.congress.gov/bill/113th-congress/house-bill/4812","113-HR-4812: To amend title 49, United States Code, to require the Administrator of the Transportation Security Administration to establish a process for providing expedited and dignified passenger screening services for veterans traveling to visit war memorials built and dedicated to honor their service, and for other purposes."
"http://beta.congress.gov/bill/113th-congress/house-bill/4838","113-HR-4838: To redesignate the railroad station located at 2955 Market Street in Philadelphia, Pennsylvania, commonly known as 30th Street Station, as the William H. Gray III 30th Street Station."
"http://beta.congress.gov/bill/113th-congress/house-bill/4919","113-HR-4919: To designate the facility of the United States Postal Service located at 715 Shawan Falls Drive in Dublin, Ohio, as the Lance Corporal Wesley G. Davids and Captain Nicholas J. Rozanski Memorial Post Office."
"http://beta.congress.gov/bill/113th-congress/house-bill/4924","113-HR-4924: To direct the Secretary of the Interior to enter into the Big Sandy River-Planet Ranch Water Rights Settlement Agreement and the Hualapai Tribe Bill Williams River Water Rights Settlement Agreement, to provide for the lease of certain land located within Planet Ranch on the Bill Williams River in the State of Arizona to benefit the Lower Colorado River Multi-Species Conservation Program, and to provide for the settlement of specific water rights claims in the Bill Williams River watershed in the State of Arizona."
"http://beta.congress.gov/bill/113th-congress/house-bill/4926","113-HR-4926: To designate a segment of Interstate Route 35 in the State of Minnesota as the James L. Oberstar Memorial Highway."
"http://beta.congress.gov/bill/113th-congress/house-bill/4939","113-HR-4939: To designate the facility of the United States Postal Service located at 2551 Galena Avenue in Simi Valley, California, as the Neil Havens Post Office."
"http://beta.congress.gov/bill/113th-congress/house-bill/4980","113-HR-4980: To prevent and address sex trafficking of children in foster care, to extend and improve adoption incentives, and to improve international child support recovery."
"http://beta.congress.gov/bill/113th-congress/house-bill/4994","113-HR-4994: To amend title XVIII of the Social Security Act to provide for standardized post-acute care assessment data for quality, payment, and discharge planning, and for other purposes."
"http://beta.congress.gov/bill/113th-congress/house-bill/5021","113-HR-5021: To provide an extension of Federal-aid highway, highway safety, motor carrier safety, transit, and other programs funded out of the Highway Trust Fund, and for other purposes."
"http://beta.congress.gov/bill/113th-congress/house-bill/5030","113-HR-5030: To designate the facility of the United States Postal Service located at 13500 SW 250 Street in Princeton, Florida, as the Corporal Christian A. Guzman Rivera Post Office Building."
"http://beta.congress.gov/bill/113th-congress/house-bill/5050","113-HR-5050: To repeal the Act of May 31, 1918, and for other purposes."
"http://beta.congress.gov/bill/113th-congress/house-bill/5057","113-HR-5057: To amend the Energy Policy and Conservation Act to permit exemptions for external power supplies from certain efficiency standards, and for other purposes."
"http://beta.congress.gov/bill/113th-congress/house-bill/5062","113-HR-5062: To amend the Consumer Financial Protection Act of 2010 to specify that privilege and confidentiality are maintained when information is shared by certain nondepository covered persons with Federal and State financial regulators, and for other purposes."
"http://beta.congress.gov/bill/113th-congress/house-bill/5069","113-HR-5069: To amend the Migratory Bird Hunting and Conservation Stamp Act to increase in the price of Migratory Bird Hunting and Conservation Stamps to fund the acquisition of conservation easements for migratory birds, and for other purposes."
"http://beta.congress.gov/bill/113th-congress/house-bill/507","113-HR-507: To provide for the conveyance of certain land inholdings owned by the United States to the Pascua Yaqui Tribe of Arizona, and for other purposes."
"http://beta.congress.gov/bill/113th-congress/house-bill/5106","113-HR-5106: To designate the facility of the United States Postal Service located at 100 Admiral Callaghan Lane in Vallejo, California, as the Philmore Graham Post Office Building."
"http://beta.congress.gov/bill/113th-congress/house-bill/5108","113-HR-5108: To establish the Law School Clinic Certification Program of the United States Patent and Trademark Office, and for other purposes."
"http://beta.congress.gov/bill/113th-congress/house-bill/5134","113-HR-5134: To extend the National Advisory Committee on Institutional Quality and Integrity and the Advisory Committee on Student Financial Assistance for one year."
"http://beta.congress.gov/bill/113th-congress/house-bill/5185","113-HR-5185: To reauthorize the Young Womens Breast Health Education and Awareness Requires Learning Young Act of 2009."
"http://beta.congress.gov/bill/113th-congress/house-bill/5195","113-HR-5195: To provide additional visas for the Afghan Special Immigrant Visa Program, and for other purposes."
"http://beta.congress.gov/bill/113th-congress/house-bill/527","113-HR-527: To amend the Helium Act to complete the privatization of the Federal helium reserve in a competitive market fashion that ensures stability in the helium markets while protecting the interests of American taxpayers, and for other purposes."
"http://beta.congress.gov/bill/113th-congress/house-bill/5331","113-HR-5331: To designate the facility of the United States Postal Service located at 73839 Gorgonio Drive in Twentynine Palms, California, as the Colonel M.J. Mac Dube, USMC Post Office Building."
"http://beta.congress.gov/bill/113th-congress/house-bill/5404","113-HR-5404: To amend title 38, United States Code, to extend certain expiring provisions of law administered by the Secretary of Veterans Affairs, and for other purposes."
"http://beta.congress.gov/bill/113th-congress/house-bill/5441","113-HR-5441: To amend the Federal charter of the Veterans of Foreign Wars of the United States to reflect the service of women in the Armed Forces of the United States."
"http://beta.congress.gov/bill/113th-congress/house-bill/5462","113-HR-5462: To amend title 49, United States Code, to provide for limitations on the fees charged to passengers of air carriers."
"http://beta.congress.gov/bill/113th-congress/house-bill/5562","113-HR-5562: To designate the facility of the United States Postal Service located at 801 West Ocean Avenue in Lompoc, California, as the Federal Correctional Officer Scott J. Williams Memorial Post Office Building."
"http://beta.congress.gov/bill/113th-congress/house-bill/5681","113-HR-5681: To provide for the approval of the Amendment to the Agreement Between the Government of the United States of America and the Government of the United Kingdom of Great Britain and Northern Ireland for Cooperation on the Uses of Atomic Energy for Mutual Defense Purposes."
"http://beta.congress.gov/bill/113th-congress/house-bill/5687","113-HR-5687: To designate the facility of the United States Postal Service located at 101 East Market Street in Long Beach, California, as the Juanita Millender-McDonald Post Office."
"http://beta.congress.gov/bill/113th-congress/house-bill/5705","113-HR-5705: To modify certain provisions relating to the Propane Education and Research Council."
"http://beta.congress.gov/bill/113th-congress/house-bill/5728","113-HR-5728: To amend the Communications Act of 1934 and title 17, United States Code, to extend expiring provisions relating to the retransmission of signals of television broadcast stations, and for other purposes."
"http://beta.congress.gov/bill/113th-congress/house-bill/5739","113-HR-5739: To amend the Social Security Act to provide for the termination of social security benefits for individuals who participated in Nazi persecution, and for other purposes."
"http://beta.congress.gov/bill/113th-congress/house-bill/5771","113-HR-5771: To amend the Internal Revenue Code of 1986 to extend certain expiring provisions and make technical corrections, to amend the Internal Revenue Code of 1986 to provide for the tax treatment of ABLE accounts established under State programs for the care of family members with disabilities, and for other purposes."
"http://beta.congress.gov/bill/113th-congress/house-bill/5816","113-HR-5816: To extend the authorization for the United States Commission on International Religious Freedom."
"http://beta.congress.gov/bill/113th-congress/house-bill/5859","113-HR-5859: To impose sanctions with respect to the Russian Federation, to provide additional assistance to Ukraine, and for other purposes."
"http://beta.congress.gov/bill/113th-congress/house-bill/588","113-HR-588: To provide for donor contribution acknowledgments to be displayed at the Vietnam Veterans Memorial Visitor Center, and for other purposes."
"http://beta.congress.gov/bill/113th-congress/house-bill/594","113-HR-594: To amend the Public Health Service Act relating to Federal research on muscular dystrophy, and for other purposes."
"http://beta.congress.gov/bill/113th-congress/house-bill/606","113-HR-606: To designate the facility of the United States Postal Service located at 815 County Road 23 in Tyrone, New York, as the Specialist Christopher Scott Post Office Building."
"http://beta.congress.gov/bill/113th-congress/house-bill/623","113-HR-623: To provide for the conveyance of certain property located in Anchorage, Alaska, from the United States to the Alaska Native Tribal Health Consortium."
"http://beta.congress.gov/bill/113th-congress/house-bill/667","113-HR-667: To redesignate the Dryden Flight Research Center as the Neil A. Armstrong Flight Research Center and the Western Aeronautical Test Range as the Hugh L. Dryden Aeronautical Test Range."
"http://beta.congress.gov/bill/113th-congress/house-bill/669","113-HR-669: A bill to improve the health of children and help better understand and enhance awareness about unexpected sudden death in early life."
"http://beta.congress.gov/bill/113th-congress/house-bill/678","113-HR-678: To authorize all Bureau of Reclamation conduit facilities for hydropower development under Federal Reclamation law, and for other purposes."
"http://beta.congress.gov/bill/113th-congress/house-bill/685","113-HR-685: To award a Congressional Gold Medal to the American Fighter Aces, collectively, in recognition of their heroic military service and defense of our countrys freedom throughout the history of aviation warfare."
"http://beta.congress.gov/bill/113th-congress/house-bill/697","113-HR-697: To provide for the conveyance of certain Federal land in Clark County, Nevada, for the environmental remediation and reclamation of the Three Kids Mine Project Site, and for other purposes."
"http://beta.congress.gov/bill/113th-congress/house-bill/724","113-HR-724: To amend the Clean Air Act to remove the requirement for dealer certification of new light-duty motor vehicles."
"http://beta.congress.gov/bill/113th-congress/house-bill/767","113-HR-767: To amend the Energy Policy Act of 2005 to modify the Pilot Project offices of the Federal Permit Streamlining Pilot Project."
"http://beta.congress.gov/bill/113th-congress/house-bill/78","113-HR-78: To designate the facility of the United States Postal Service located at 4110 Almeda Road in Houston, Texas, as the George Thomas Mickey Leland Post Office Building."
"http://beta.congress.gov/bill/113th-congress/house-bill/803","113-HR-803: An act to amend the Workforce Investment Act of 1998 to strengthen the United States workforce development system through innovation in, and alignment and improvement of, employment, training, and education programs in the United States, and to promote individual and national economic growth, and for other purposes."
"http://beta.congress.gov/bill/113th-congress/house-bill/83","113-HR-83: Making consolidated appropriations for the fiscal year ending September 30, 2015, and for other purposes."
"http://beta.congress.gov/bill/113th-congress/house-bill/862","113-HR-862: To authorize the conveyance of two small parcels of land within the boundaries of the Coconino National Forest containing private improvements that were developed based upon the reliance of the landowners in an erroneous survey conducted in May 1960."
"http://beta.congress.gov/bill/113th-congress/house-bill/876","113-HR-876: To authorize the continued use of certain water diversions located on National Forest System land in the Frank Church-River of No Return Wilderness and the Selway-Bitterroot Wilderness in the State of Idaho, and for other purposes."
"http://beta.congress.gov/bill/113th-congress/house-bill/933","113-HR-933: An Act making consolidated appropriations and further continuing appropriations for the fiscal year ending September 30, 2013."
"http://beta.congress.gov/bill/113th-congress/senate-bill/1000","113-S-1000: A bill to require the Director of the Office of Management and Budget to prepare a crosscut budget for restoration activities in the Chesapeake Bay watershed, and for other purposes."
"http://beta.congress.gov/bill/113th-congress/senate-bill/1044","113-S-1044: A bill to direct the Secretary of the Interior to install in the area of the World War II Memorial in the District of Columbia a suitable plaque or an inscription with the words that President Franklin D. Roosevelt prayed with the United States on D-Day, June 6, 1944."
"http://beta.congress.gov/bill/113th-congress/senate-bill/1086","113-S-1086: A bill to reauthorize and improve the Child Care and Development Block Grant Act of 1990, and for other purposes."
"http://beta.congress.gov/bill/113th-congress/senate-bill/1093","113-S-1093: A bill to designate the facility of the United States Postal Service located at 130 Caldwell Drive in Hazlehurst, Mississippi, as the First Lieutenant Alvin Chester Cockrell, Jr. Post Office Building."
"http://beta.congress.gov/bill/113th-congress/senate-bill/1104","113-S-1104: A bill to measure the progress of recovery and development efforts in Haiti following the earthquake of January 12, 2010, and for other purposes."
"http://beta.congress.gov/bill/113th-congress/senate-bill/1254","113-S-1254: A bill to amend the Harmful Algal Blooms and Hypoxia Research and Control Act of 1998, and for other purposes."
"http://beta.congress.gov/bill/113th-congress/senate-bill/130","113-S-130: A bill to require the Secretary of the Interior to convey certain Federal land to the Powell Recreation District in the State of Wyoming."
"http://beta.congress.gov/bill/113th-congress/senate-bill/1348","113-S-1348: A bill to reauthorize the Congressional Award Act."
"http://beta.congress.gov/bill/113th-congress/senate-bill/1353","113-S-1353: A bill to provide for an ongoing, voluntary public-private partnership to improve cybersecurity, and to strengthen cybersecurity research and development, workforce development and education, and public awareness and preparedness, and for other purposes."
"http://beta.congress.gov/bill/113th-congress/senate-bill/1434","113-S-1434: A bill to designate the Junction City Community-Based Outpatient Clinic located at 715 Southwind Drive, Junction City, Kansas, as the Lieutenant General Richard J. Seitz Community-Based Outpatient Clinic."
"http://beta.congress.gov/bill/113th-congress/senate-bill/1471","113-S-1471: A bill to authorize the Secretary of Veterans Affairs and the Secretary of the Army to reconsider decisions to inter or honor the memory of a person in a national cemetery, and for other purposes."
"http://beta.congress.gov/bill/113th-congress/senate-bill/1474","113-S-1474: A bill to amend the Violence Against Women Reauthorization Act of 2013 to repeal a special rule for the State of Alaska, and for other purposes."
"http://beta.congress.gov/bill/113th-congress/senate-bill/1499","113-S-1499: A bill to designate the facility of the United States Postal Service located at 278 Main Street in Chadron, Nebraska, as the Sergeant Cory Mracek Memorial Post Office."
"http://beta.congress.gov/bill/113th-congress/senate-bill/1512","113-S-1512: A bill to designate the facility of the United States Postal Service located at 1335 Jefferson Road in Rochester, New York, as the Specialist Theodore Matthew Glende Post Office."
"http://beta.congress.gov/bill/113th-congress/senate-bill/1545","113-S-1545: A bill to extend authorities related to global HIV/AIDS and to promote oversight of United States programs."
"http://beta.congress.gov/bill/113th-congress/senate-bill/1557","113-S-1557: A bill to amend the Public Health Service Act to reauthorize support for graduate medical education programs in childrens hospitals."
"http://beta.congress.gov/bill/113th-congress/senate-bill/157","113-S-157: A bill to provide for certain improvements to the Denali National Park and Preserve in the State of Alaska, and for other purposes."
"http://beta.congress.gov/bill/113th-congress/senate-bill/1603","113-S-1603: A bill to reaffirm that certain land has been taken into trust for the benefit of the Match-E-Be-Nash-She-Wish Band of Pottawatami Indians, and for other purposes."
"http://beta.congress.gov/bill/113th-congress/senate-bill/1614","113-S-1614: A bill to require Certificates of Citizenship and other Federal documents to reflect name and date of birth determinations made by a State court and for other purposes."
"http://beta.congress.gov/bill/113th-congress/senate-bill/1681","113-S-1681: An original bill to authorize appropriations for fiscal year 2014 for intelligence and intelligence-related activities of the United States Government and the Office of the Director of National Intelligence, the Central Intelligence Agency Retirement and Disability System, and for other purposes."
"http://beta.congress.gov/bill/113th-congress/senate-bill/1683","113-S-1683: A bill to provide for the transfer of naval vessels to certain foreign recipients, and for other purposes."
"http://beta.congress.gov/bill/113th-congress/senate-bill/1691","113-S-1691: A bill to amend title 5, United States Code, to improve the security of the United States border and to provide for reforms and rates of pay for border patrol agents."
"http://beta.congress.gov/bill/113th-congress/senate-bill/1799","113-S-1799: A bill to reauthorize subtitle A of the Victims of Child Abuse Act of 1990."
"http://beta.congress.gov/bill/113th-congress/senate-bill/1901","113-S-1901: A bill to authorize the President to extend the term of the nuclear energy agreement with the Republic of Korea until March 19, 2016."
"http://beta.congress.gov/bill/113th-congress/senate-bill/1934","113-S-1934: A bill to direct the Administrator of General Services to convey the Clifford P. Hansen Federal Courthouse to Teton County, Wyoming."
"http://beta.congress.gov/bill/113th-congress/senate-bill/2040","113-S-2040: A bill to exchange trust and fee land to resolve land disputes created by the realignment of the Blackfoot River along the boundary of the Fort Hall Indian Reservation, and for other purposes."
"http://beta.congress.gov/bill/113th-congress/senate-bill/2086","113-S-2086: A bill to address current emergency shortages of propane and other home heating fuels and to provide greater flexibility and information for Governors to address such emergencies in the future."
"http://beta.congress.gov/bill/113th-congress/senate-bill/2141","113-S-2141: A bill to amend the Federal Food, Drug, and Cosmetic Act to provide an alternative process for review of safety and effectiveness of nonprescription sunscreen active ingredients and for other purposes."
"http://beta.congress.gov/bill/113th-congress/senate-bill/2142","113-S-2142: A bill to impose targeted sanctions on persons responsible for violations of human rights of antigovernment protesters in Venezuela, to strengthen civil society in Venezuela, and for other purposes."
"http://beta.congress.gov/bill/113th-congress/senate-bill/2154","113-S-2154: A bill to amend the Public Health Service Act to reauthorize the Emergency Medical Services for Children Program."
"http://beta.congress.gov/bill/113th-congress/senate-bill/2183","113-S-2183: A bill entitled United States International Programming to Ukraine and Neighboring Regions."
"http://beta.congress.gov/bill/113th-congress/senate-bill/2195","113-S-2195: A bill to deny admission to the United States to any representative to the United Nations who has been found to have been engaged in espionage activities or a terrorist activity against the United States and poses a threat to United States national security interests."
"http://beta.congress.gov/bill/113th-congress/senate-bill/2258","113-S-2258: A bill to provide for an increase, effective December 1, 2014, in the rates of compensation for veterans with service-connected disabilities and the rates of dependency and indemnity compensation for the survivors of certain disabled veterans, and for other purposes."
"http://beta.congress.gov/bill/113th-congress/senate-bill/2270","113-S-2270: A bill to clarify the application of certain leverage and risk-based requirements under the Dodd-Frank Wall Street Reform and Consumer Protection Act."
"http://beta.congress.gov/bill/113th-congress/senate-bill/229","113-S-229: A bill to designate the medical center of the Department of Veterans Affairs located at 3900 Woodland Avenue in Philadelphia, Pennsylvania, as the Corporal Michael J. Crescenz Department of Veterans Affairs Medical Center."
"http://beta.congress.gov/bill/113th-congress/senate-bill/23","113-S-23: A bill to designate as wilderness certain land and inland water within the Sleeping Bear Dunes National Lakeshore in the State of Michigan, and for other purposes."
"http://beta.congress.gov/bill/113th-congress/senate-bill/230","113-S-230: A bill to authorize the Peace Corps Commemorative Foundation to establish a commemorative work in the District of Columbia and its environs, and for other purposes."
"http://beta.congress.gov/bill/113th-congress/senate-bill/231","113-S-231: A bill to reauthorize the Multinational Species Conservation Funds Semipostal Stamp."
"http://beta.congress.gov/bill/113th-congress/senate-bill/2338","113-S-2338: A bill to reauthorize the United States Anti-Doping Agency, and for other purposes."
"http://beta.congress.gov/bill/113th-congress/senate-bill/2444","113-S-2444: A bill to authorize appropriations for the Coast Guard for fiscal year 2015, and for other purposes."
"http://beta.congress.gov/bill/113th-congress/senate-bill/25","113-S-25: To ensure that the reduced annual cost-of-living adjustment to the retired pay of members and former members of the Armed Forces under the age of 62 required by the Bipartisan Budget Act of 2013 will not apply to members or former members who first became members prior to January 1, 2014, and for other purposes."
"http://beta.congress.gov/bill/113th-congress/senate-bill/2519","113-S-2519: A bill to codify an existing operations center for cybersecurity."
"http://beta.congress.gov/bill/113th-congress/senate-bill/252","113-S-252: An act to reduce preterm labor and delivery and the risk of pregnancy-related deaths and complications due to pregnancy, and to reduce infant mortality caused by prematurity, and for other purposes."
"http://beta.congress.gov/bill/113th-congress/senate-bill/2521","113-S-2521: A bill to amend chapter 35 of title 44, United States Code, to provide for reform to Federal information security."
"http://beta.congress.gov/bill/113th-congress/senate-bill/2539","113-S-2539: A bill to amend the Public Health Service Act to reauthorize certain programs relating to traumatic brain injury and to trauma research."
"http://beta.congress.gov/bill/113th-congress/senate-bill/256","113-S-256: A bill to amend Public Law 93-435 with respect to the Northern Mariana Islands, providing parity with Guam, the Virgin Islands, and American Samoa."
"http://beta.congress.gov/bill/113th-congress/senate-bill/2583","113-S-2583: A bill to promote the non-exclusive use of electronic labeling for devices licensed by the Federal Communications Commission."
"http://beta.congress.gov/bill/113th-congress/senate-bill/2651","113-S-2651: A bill to repeal certain mandates of the Department of Homeland Security Office of Inspector General."
"http://beta.congress.gov/bill/113th-congress/senate-bill/2673","113-S-2673: A bill to enhance the strategic partnership between the United States and Israel."
"http://beta.congress.gov/bill/113th-congress/senate-bill/2759","113-S-2759: A bill to release the City of St. Clair, Missouri, from all restrictions, conditions, and limitations on the use, encumbrance, conveyance, and closure of the St. Clair Regional Airport."
"http://beta.congress.gov/bill/113th-congress/senate-bill/276","113-S-276: A bill to reinstate and extend the deadline for commencement of construction of a hydroelectric project involving the American Falls Reservoir."
"http://beta.congress.gov/bill/113th-congress/senate-bill/2917","113-S-2917: A bill to expand the program of priority review to encourage treatments for tropical diseases."
"http://beta.congress.gov/bill/113th-congress/senate-bill/2921","113-S-2921: A bill to designate the community based outpatient clinic of the Department of Veterans Affairs located at 310 Home Boulevard in Galesburg, Illinois, as the Lane A. Evans VA Community Based Outpatient Clinic."
"http://beta.congress.gov/bill/113th-congress/senate-bill/3008","113-S-3008: A bill to extend temporarily the extended period of protection for members of uniformed services relating to mortgages, mortgage foreclosure, and eviction, and for other purposes."
"http://beta.congress.gov/bill/113th-congress/senate-bill/304","113-S-304: A bill to direct the Secretary of the Interior to convey to the State of Mississippi 2 parcels of surplus land within the boundary of the Natchez Trace Parkway, and for other purposes."
"http://beta.congress.gov/bill/113th-congress/senate-bill/309","113-S-309: A bill to award a Congressional Gold Medal to the World War II members of the Civil Air Patrol."
"http://beta.congress.gov/bill/113th-congress/senate-bill/330","113-S-330: A bill to amend the Public Health Service Act to establish safeguards and standards of quality for research and transplantation of organs infected with human immunodeficiency virus (HIV)."
"http://beta.congress.gov/bill/113th-congress/senate-bill/404","113-S-404: A bill to preserve the Green Mountain Lookout in the Glacier Peak Wilderness of the Mount Baker-Snoqualmie National Forest."
"http://beta.congress.gov/bill/113th-congress/senate-bill/459","113-S-459: A bill to modify the boundary of the Minuteman Missile National Historic Site in the State of South Dakota, and for other purposes."
"http://beta.congress.gov/bill/113th-congress/senate-bill/47","113-S-47: A bill to reauthorize the Violence Against Women Act of 1994."
"http://beta.congress.gov/bill/113th-congress/senate-bill/476","113-S-476: A bill to amend the Chesapeake and Ohio Canal Development Act to extend to the Chesapeake and Ohio Canal National Historical Park Commission."
"http://beta.congress.gov/bill/113th-congress/senate-bill/517","113-S-517: A bill to promote consumer choice and wireless competition by permitting consumers to unlock mobile wireless devices, and for other purposes."
"http://beta.congress.gov/bill/113th-congress/senate-bill/540","113-S-540: An act to temporarily extend the public debt limit, and for other purposes."
"http://beta.congress.gov/bill/113th-congress/senate-bill/611","113-S-611: A bill to make a technical amendment to the Tuf Shur Bien Preservation Trust Area Act, and for other purposes."
"http://beta.congress.gov/bill/113th-congress/senate-bill/622","113-S-622: An original bill to amend the Federal Food, Drug, and Cosmetic Act to reauthorize user fee programs relating to new animal drugs and generic new animal drugs."
"http://beta.congress.gov/bill/113th-congress/senate-bill/653","113-S-653: A bill to provide for the establishment of the Special Envoy to Promote Religious Freedom of Religious Minorities in the Near East and South Central Asia."
"http://beta.congress.gov/bill/113th-congress/senate-bill/716","113-S-716: A bill to modify the requirements under the STOCK Act regarding online access to certain financial disclosure statements and related forms."
"http://beta.congress.gov/bill/113th-congress/senate-bill/793","113-S-793: A bill to support revitalization and reform of the Organization of American States, and for other purposes."
"http://beta.congress.gov/bill/113th-congress/senate-bill/885","113-S-885: A bill to designate the facility of the United States Postal Service located at 35 Park Street in Danville, Vermont, as the Thaddeus Stevens Post Office."
"http://beta.congress.gov/bill/113th-congress/senate-bill/893","113-S-893: A bill to provide for an increase, effective December 1, 2013, in the rates of compensation for veterans with service-connected disabilities and the rates of dependency and indemnity compensation for the survivors of certain disabled veterans, and for other purposes."
"http://beta.congress.gov/bill/113th-congress/senate-bill/898","113-S-898: A bill to authorize the Administrator of General Services to convey a parcel of real property in Albuquerque, New Mexico, to the Amy Biehl High School Foundation."
"http://beta.congress.gov/bill/113th-congress/senate-bill/982","113-S-982: A bill to prohibit the Corps of Engineers from taking certain actions to establish a restricted area prohibiting public access to waters downstream of a dam, and for other purposes."
"http://beta.congress.gov/bill/113th-congress/senate-bill/994","113-S-994: A bill to expand the Federal Funding Accountability and Transparency Act of 2006 to increase accountability and transparency in Federal spending, and for other purposes."
"http://beta.congress.gov/bill/113th-congress/senate-joint-resolution/28","113-SJRES-28: A joint resolution providing for the appointment of John Fahey as a citizen regent of the Board of Regents of the Smithsonian Institution."
"http://beta.congress.gov/bill/113th-congress/senate-joint-resolution/29","113-SJRES-29: A joint resolution providing for the appointment of Risa Lavizzo-Mourey as a citizen regent of the Board of Regents of the Smithsonian Institution."
"http://beta.congress.gov/bill/113th-congress/senate-joint-resolution/32","113-SJRES-32: A joint resolution providing for the reappointment of John W. McCarter as a citizen regent of the Board of Regents of the Smithsonian Institution."
"http://beta.congress.gov/bill/113th-congress/senate-joint-resolution/40","113-SJRES-40: A joint resolution providing for the appointment of Michael Lynton as a citizen regent of the Board of Regents of the Smithsonian Institution."
